index,Zip_Code,lat,lng,population,median_household_income,median_home_value,Less Than High School,High School Graduate,Associate's Degree,Bachelor's Degree,Master's Degree,Professional Degree,Doctorate Degree,1st Most Common Venue,2nd Most Common Venue,3rd Most Common Venue,4th Most Common Venue,5th Most Common Venue,6th Most Common Venue,7th Most Common Venue,8th Most Common Venue,9th Most Common Venue,10th Most Common Venue
Addison,75001,32.96,-96.84,12414,57633.0,258200.0,0.09210262577670876,0.36630587292042494,0.03818400481058328,0.33253156945279616,0.14421727801162554,0.023251152535578273,0.0034074964922830232,Grocery Store,Fast Food Restaurant,Park,Burger Joint,American Restaurant,Greek Restaurant,Pizza Place,Gym,Sushi Restaurant,Bakery
West Allen,75002,33.08,-96.61,63140,91632.0,186100.0,0.05242489691733752,0.4162821519732967,0.08504319654427646,0.3109660318083644,0.10929216571765167,0.015339681916355782,0.010651875122717456,Mexican Restaurant,Coffee Shop,Grocery Store,Fast Food Restaurant,American Restaurant,Supermarket,Golf Course,Pizza Place,Park,Movie Theater
Central Carrolton,75006,32.95,-96.89,46364,56985.0,146800.0,0.2529457464715784,0.3838210539945617,0.06606888514825845,0.20908325780137246,0.07529457464715784,0.010196814709309854,0.0025896672277612325,Fast Food Restaurant,Mexican Restaurant,Grocery Store,Park,Liquor Store,Coffee Shop,Trail,Pizza Place,Salad Place,BBQ Joint
North Carrollton,75007,33.0,-96.9,51624,78934.0,169400.0,0.10115816667150446,0.4261124495660503,0.0815651214768802,0.2883805985312473,0.07587588168703377,0.014832660880671096,0.01207512118661287,Grocery Store,Fast Food Restaurant,Mexican Restaurant,American Restaurant,Park,Pizza Place,Ice Cream Shop,Liquor Store,Brewery,Supermarket
Celina,75009,33.3,-96.8,8785,87581.0,190500.0,0.07374890254609306,0.5251975417032485,0.1067603160667252,0.2159789288849868,0.06900790166812994,0.006145741878841089,0.0031606672519754173,American Restaurant,Fast Food Restaurant,Mexican Restaurant,Hardware Store,Taco Place,Burger Joint,Park,Coffee Shop,Supermarket,Sandwich Place
Far North Carrollton,75010,33.03,-96.9,21607,75696.0,200800.0,0.0537907929023452,0.4183521528725648,0.09163667948877033,0.3229929271621789,0.08667328452661621,0.01699962774537784,0.009554535302146668,Ice Cream Shop,Fast Food Restaurant,Pizza Place,Brewery,Mexican Restaurant,Grocery Store,Park,Liquor Store,Bakery,Golf Course
East Allen,75013,33.12,-96.69,30347,131878.0,292300.0,0.02589112450209376,0.23235624553161066,0.0662342968031866,0.4121642324583801,0.19849862118271885,0.03707486467163722,0.02778061485037279,Fast Food Restaurant,Grocery Store,Pizza Place,Coffee Shop,Ice Cream Shop,Golf Course,BBQ Joint,Movie Theater,Bakery,Mexican Restaurant
Coppell,75019,32.96,-96.98,38666,110445.0,281500.0,0.0367211561241412,0.2724472873726605,0.06143883755824054,0.3812682618652768,0.18865987522703945,0.04189370607281055,0.017570875779831,Fast Food Restaurant,Park,Mexican Restaurant,Ice Cream Shop,American Restaurant,Coffee Shop,Trail,Supermarket,Grocery Store,Steakhouse
West Flower Mound,75022,33.03,-97.12,22545,145938.0,333700.0,0.02969086987778577,0.2514018691588785,0.07634795111430626,0.4349388928828181,0.1695902228612509,0.02415528396836808,0.01387491013659238,Mexican Restaurant,Ice Cream Shop,American Restaurant,Coffee Shop,Pharmacy,Grocery Store,Pizza Place,Golf Course,Supermarket,Fast Food Restaurant
"(Quail Creek, Cross Bend) - Plano",75023,33.05,-96.73,45452,74777.0,173900.0,0.05509868421052632,0.3914473684210527,0.07303264170040485,0.324455971659919,0.12288081983805668,0.017965587044534412,0.015118927125506072,Grocery Store,Coffee Shop,Ice Cream Shop,Mexican Restaurant,American Restaurant,Burger Joint,Taco Place,Pizza Place,Wine Shop,Italian Restaurant
"(Deerfield West, Normandy Estates) - Plano",75024,33.08,-96.81,36039,88707.0,289300.0,0.01882217090069284,0.2575442648190916,0.05434949961508853,0.3934949961508853,0.2305234795996921,0.028060046189376443,0.01720554272517321,Mexican Restaurant,Italian Restaurant,Fast Food Restaurant,Grocery Store,Ice Cream Shop,Sushi Restaurant,Burger Joint,Bakery,Golf Course,BBQ Joint
"(Ridgeview, Russel Creek Park) - Plano",75025,33.1,-96.73,50926,104168.0,253700.0,0.029900431861804223,0.2359944817658349,0.07632557581573897,0.3864263435700576,0.2213591650671785,0.023242562380038388,0.02675143953934741,Grocery Store,Ice Cream Shop,Italian Restaurant,Fast Food Restaurant,American Restaurant,Pizza Place,BBQ Joint,Sushi Restaurant,Coffee Shop,Park
East Flower Mound,75028,33.03,-97.07,42226,111391.0,234700.0,0.02075548484960598,0.3587628103148471,0.0751785119686263,0.3887306226645455,0.12519886048318474,0.021976395723112208,0.009397313996078287,Mexican Restaurant,Ice Cream Shop,Coffee Shop,American Restaurant,Fast Food Restaurant,Golf Course,Grocery Store,Supermarket,Pharmacy,Park
South Rockwall,75032,32.9,-96.4,27986,93308.0,211300.0,0.09033483976992604,0.43991372226787184,0.06989523418241578,0.26689605587510273,0.09295398520953163,0.02680772391125719,0.013198438783894824,Pizza Place,Burger Joint,Mexican Restaurant,Fast Food Restaurant,Convenience Store,Italian Restaurant,Coffee Shop,American Restaurant,Supermarket,Sporting Goods Shop
West Frisco,75034,33.12,-96.88,72723,111318.0,285900.0,0.04945054945054945,0.3037798777098388,0.059049899516825585,0.4007782101167315,0.153226151280626,0.021785607388720228,0.011929704536708429,Ice Cream Shop,Fast Food Restaurant,Italian Restaurant,Coffee Shop,Park,Mexican Restaurant,BBQ Joint,Gym / Fitness Center,Sushi Restaurant,New American Restaurant
East Frisco,75035,33.16,-96.77,47553,102913.0,212800.0,0.037188354511822425,0.3200900755991636,0.07649991957535789,0.4155058709988741,0.11523242721569887,0.01968795238861187,0.015795399710471288,Italian Restaurant,Coffee Shop,Fast Food Restaurant,Ice Cream Shop,Mexican Restaurant,Grocery Store,Sushi Restaurant,Supermarket,BBQ Joint,Pizza Place
"(Cottonwood Valley, Arts District) - Irving",75038,32.88,-96.98,27802,48130.0,171100.0,0.11119524067063276,0.384532179556517,0.0605191995673337,0.2729583558680368,0.14310438074634935,0.0149269875608437,0.012763656030286641,Fast Food Restaurant,Mexican Restaurant,Coffee Shop,American Restaurant,Steakhouse,Seafood Restaurant,Ice Cream Shop,Bakery,Liquor Store,Sandwich Place
Las Colinas - Irving,75039,32.88,-96.95,11032,73503.0,389600.0,0.0234625322997416,0.2110594315245478,0.06480620155038759,0.42914728682170544,0.22428940568475453,0.03503875968992248,0.012196382428940571,Mexican Restaurant,Fast Food Restaurant,Grocery Store,Coffee Shop,Bakery,Brewery,Restaurant,Ice Cream Shop,New American Restaurant,Thai Restaurant
Northeast Garland,75040,32.93,-96.62,59406,54664.0,113000.0,0.27794133682259303,0.4575564278704613,0.07441936539090611,0.14365936102933158,0.03718242285465053,0.005751826409333771,0.0034892596227238037,Mexican Restaurant,American Restaurant,Fast Food Restaurant,Burger Joint,Ice Cream Shop,Golf Course,Coffee Shop,Grocery Store,Chinese Restaurant,Seafood Restaurant
"(Almeta, Bonite, Bella Vista) - Garland",75041,32.88,-96.65,30700,40136.0,97300.0,0.3406301824212272,0.4720287451630735,0.04223327805417357,0.10088446655610836,0.035046987285793266,0.00718629076838032,0.001990049751243781,Burger Joint,Grocery Store,Brewery,Ice Cream Shop,Fast Food Restaurant,Taco Place,Coffee Shop,Steakhouse,Bakery,Movie Theater
"(Forest Crest, Park Groves, Creekside Village) - Garland",75042,32.92,-96.68,37881,39811.0,99200.0,0.34468449776735377,0.4712913265076,0.0599431690045555,0.08484055748500294,0.031347255423751746,0.005096748004149565,0.002796445807586487,Grocery Store,Burger Joint,Ice Cream Shop,Fast Food Restaurant,Coffee Shop,Wine Shop,Mexican Restaurant,Seafood Restaurant,Taco Place,American Restaurant
Bass Park Area - Garland,75043,32.86,-96.59,58094,55149.0,120900.0,0.1580496579542667,0.5345180016897877,0.08342645335368347,0.1591398435583658,0.05110245019214521,0.008939521953612603,0.004824071298138508,Mexican Restaurant,Fast Food Restaurant,Burger Joint,Coffee Shop,Ice Cream Shop,American Restaurant,BBQ Joint,Taco Place,Brewery,Steakhouse
"(Firewheel Hills, Picket Place, Camelot) - Garland",75044,32.96,-96.65,40811,64302.0,136000.0,0.11583619702176405,0.4426904352806415,0.09260452462772052,0.23661225658648335,0.0896692439862543,0.010309278350515464,0.01227806414662085,Fast Food Restaurant,Mexican Restaurant,American Restaurant,Ice Cream Shop,Burger Joint,Coffee Shop,Grocery Store,Brewery,Bakery,BBQ Joint
Sachse,75048,32.97,-96.58,20328,87171.0,181500.0,0.07121013543031891,0.5161642638706859,0.07696228338430174,0.2307412261540702,0.0818406873452745,0.003567787971457696,0.019513615843891077,American Restaurant,Fast Food Restaurant,Mexican Restaurant,Coffee Shop,Grocery Store,Golf Course,Seafood Restaurant,Burger Joint,Park,Ice Cream Shop
North Grand Prairie,75050,32.78,-96.99,41041,44548.0,104400.0,0.2238199691282801,0.5401332358436917,0.05873750913965393,0.13140791290925338,0.03696482248761069,0.0035746201966041107,0.0053619302949061655,Fast Food Restaurant,Sandwich Place,Mexican Restaurant,Coffee Shop,American Restaurant,Seafood Restaurant,Park,Burger Joint,Bakery,Bar
South Grand Prairie,75051,32.73,-96.99,39285,40107.0,95400.0,0.349483449293696,0.5017921146953405,0.03487244360109635,0.08226860636727809,0.028505165507063036,0.0006325110689437065,0.002445709466582332,Coffee Shop,Fast Food Restaurant,American Restaurant,Sandwich Place,Park,Mexican Restaurant,Burger Joint,Chinese Restaurant,Bakery,Pizza Place
Southwest Grand Prairie,75052,32.65,-97.02,88996,66744.0,134300.0,0.14601151545642574,0.4952764268544916,0.08088769634971213,0.19982484580841112,0.062328805411146514,0.009726647660573537,0.005944062459239384,Coffee Shop,Fast Food Restaurant,Convenience Store,American Restaurant,Supermarket,Mexican Restaurant,Ice Cream Shop,Lingerie Store,Grocery Store,Park
Estes Park Area - Grand Prairie,75054,32.6,-97.04,5053,105000.0,224600.0,0.025720966484801246,0.3294362171992725,0.10184463497012212,0.3354117952714991,0.1852429202390231,0.0033775006495193557,0.01896596518576253,Coffee Shop,Fast Food Restaurant,American Restaurant,Restaurant,Mexican Restaurant,Furniture / Home Store,Bakery,Grocery Store,Warehouse Store,Park
The Colony,75056,33.07,-96.9,47852,79251.0,167500.0,0.06326905703872153,0.4471200274134762,0.08523098968879474,0.2617675461823619,0.11239525248434627,0.012304912619544564,0.017912214572754742,Italian Restaurant,Sushi Restaurant,Fast Food Restaurant,Golf Course,Ice Cream Shop,Mexican Restaurant,Pizza Place,Liquor Store,Bakery,Bar
Northeast to Southeast Lewisville,75057,33.05,-96.98,12900,50338.0,98000.0,0.2747990884011035,0.44152572867938106,0.09979608972052297,0.13326136499940025,0.04665946983327336,0.0005997361161089121,0.003358522250209908,Coffee Shop,Pizza Place,American Restaurant,Ice Cream Shop,Liquor Store,Fast Food Restaurant,Mexican Restaurant,Supermarket,Park,Grocery Store
"(Lamar Brown, Irving Lake, Trinity Oaks) - Irving",75060,32.79,-96.95,45980,45775.0,110000.0,0.32405891980360063,0.4856883069649027,0.051536643026004726,0.0972540461902164,0.03233315148208765,0.00691034733587925,0.0022185851973086017,Fast Food Restaurant,Coffee Shop,Burger Joint,Park,Mexican Restaurant,American Restaurant,Japanese Restaurant,Seafood Restaurant,Brewery,Music Venue
"(Garden Oaks, Plymoth Park) - Irving",75061,32.83,-97.01,53442,40084.0,114900.0,0.3342767195598944,0.4590580977517728,0.05390021305688937,0.10824561961395364,0.0323719273698604,0.005374121537825548,0.006773301109803797,Fast Food Restaurant,Coffee Shop,American Restaurant,Seafood Restaurant,Mexican Restaurant,Burger Joint,Sandwich Place,Bakery,Cajun / Creole Restaurant,Park
"(Hillcrest Oaks, Arts District, Woodhaven) - Irving",75062,32.85,-96.96,44537,45872.0,121600.0,0.21319674392935986,0.4595060706401766,0.06205160044150111,0.18670667770419427,0.058602373068432675,0.011968818984547462,0.00796771523178808,Mexican Restaurant,Burger Joint,Coffee Shop,Fast Food Restaurant,Grocery Store,American Restaurant,Brewery,Steakhouse,Thai Restaurant,Sandwich Place
"(Hackberry Creek, Valley Ranch) - Irving",75063,32.92,-96.98,35090,69114.0,278200.0,0.04161422278162366,0.2571192573945878,0.04653083700440529,0.3785006293266205,0.2242369414726243,0.030207677784770293,0.02179043423536816,Fast Food Restaurant,Mexican Restaurant,Ice Cream Shop,Bakery,Coffee Shop,Steakhouse,American Restaurant,Seafood Restaurant,Sushi Restaurant,Supermarket
Lake Dallas,75065,33.12,-97.03,10748,72342.0,157500.0,0.04960732984293194,0.5730366492146597,0.09698952879581152,0.2168848167539267,0.053272251308900516,0.001963350785340314,0.008246073298429319,Coffee Shop,Mexican Restaurant,Fast Food Restaurant,Park,Supermarket,Ice Cream Shop,American Restaurant,Steakhouse,Pharmacy,Grocery Store
West to Southwest Lewisville,75067,33.02,-96.99,60982,56555.0,149100.0,0.12404903323644635,0.479388348287628,0.08272463035511184,0.2250221155061292,0.07195753822823202,0.007354985466953116,0.009503348919499558,Coffee Shop,Ice Cream Shop,Fast Food Restaurant,Pizza Place,Mexican Restaurant,Brewery,Liquor Store,Supermarket,American Restaurant,Grocery Store
Little Elm,75068,33.15,-96.95,34934,85446.0,161000.0,0.1019946535060662,0.4971005552128316,0.08986222496401397,0.229487970388649,0.05457536500102817,0.008307629035574748,0.01867160189183632,Fast Food Restaurant,Italian Restaurant,Park,Mexican Restaurant,Ice Cream Shop,Grocery Store,Bar,BBQ Joint,Gym / Fitness Center,Brewery
Southeast McKinney,75069,33.18,-96.59,34108,45907.0,176400.0,0.185589519650655,0.4663846433770015,0.05504002911208152,0.2217066957787482,0.05522197962154294,0.009233988355167394,0.006823144104803494,Burger Joint,Fast Food Restaurant,Coffee Shop,Grocery Store,Mexican Restaurant,Supermarket,Steakhouse,Convenience Store,BBQ Joint,Shopping Plaza
Southwest McKinney,75070,33.16,-96.72,74734,98524.0,197100.0,0.03388246047738746,0.32469825705798033,0.090159336892619,0.3842366578723228,0.1356129380725845,0.01634917007707169,0.015061179550034278,Grocery Store,Fast Food Restaurant,Mexican Restaurant,Coffee Shop,Italian Restaurant,Pizza Place,Ice Cream Shop,BBQ Joint,Donut Shop,Sporting Goods Shop
North McKinney,75071,33.3,-96.6,36090,80291.0,174700.0,0.0587419999184705,0.4056092291386409,0.10040357099180627,0.309037544331662,0.10264563205739677,0.016102074925604337,0.007459948636419225,Coffee Shop,Steakhouse,Sandwich Place,Italian Restaurant,Burger Joint,Fast Food Restaurant,Gym,Café,Grocery Store,Farmers Market
"(Timber Brook, Oak Point, Plano Park) - Plano",75074,33.04,-96.67,44622,54518.0,145400.0,0.19411665257819105,0.43093829247675397,0.06566356720202875,0.2149112426035503,0.07222316145393068,0.014032121724429416,0.008114961961115805,Ice Cream Shop,Grocery Store,Fast Food Restaurant,Mexican Restaurant,American Restaurant,Coffee Shop,Burger Joint,Taco Place,Wine Shop,Park
"(Greenway Court, Pitman Creek) - Plano",75075,33.02,-96.75,33262,72852.0,180800.0,0.07114077058675397,0.3936036262906069,0.06140350877192983,0.31532779316712833,0.12763367749517335,0.018299336858893647,0.012591286829513977,Grocery Store,Burger Joint,Ice Cream Shop,American Restaurant,Taco Place,Bakery,Wine Shop,Mexican Restaurant,Coffee Shop,Park
Northwest Lewisville,75077,33.08,-97.07,35330,99629.0,211100.0,0.031017572537801387,0.4310175725378014,0.09080506742950553,0.3121781773600327,0.10159378831221903,0.02051491622394769,0.012872905598692277,Fast Food Restaurant,Mexican Restaurant,Coffee Shop,Ice Cream Shop,Park,Grocery Store,Supermarket,American Restaurant,Pizza Place,Restaurant
Prosper,75078,33.26,-96.82,10592,119529.0,341600.0,0.04264577893820714,0.3822164200754279,0.09704090513489992,0.3424717145343777,0.0942848854076008,0.0248041775456919,0.016536118363794605,Mexican Restaurant,Ice Cream Shop,Park,Fast Food Restaurant,Italian Restaurant,Supermarket,Coffee Shop,Burger Joint,American Restaurant,Grocery Store
Northwest Richardson,75080,32.97,-96.74,44009,60440.0,183400.0,0.11069340016708436,0.34280144806460594,0.0556947925368978,0.3171818434976329,0.1377053745474798,0.01984126984126984,0.016081871345029242,Grocery Store,Ice Cream Shop,American Restaurant,Fast Food Restaurant,Burger Joint,Steakhouse,Seafood Restaurant,Coffee Shop,Park,Wine Shop
East Richardson,75081,32.95,-96.72,34156,63470.0,162300.0,0.0817398613154024,0.4258877915528472,0.06593822231561253,0.2716957343979828,0.121580163899979,0.018953561672620297,0.014204664845555787,Grocery Store,Ice Cream Shop,American Restaurant,Burger Joint,Coffee Shop,Taco Place,Steakhouse,Park,Seafood Restaurant,Wine Shop
Northeast Richardson,75082,32.99,-96.66,21182,111726.0,254900.0,0.05475915483388817,0.2731163801888715,0.035804062776003814,0.377403356206264,0.19437461784088592,0.03811400230993953,0.026428425844147018,Fast Food Restaurant,Ice Cream Shop,Mexican Restaurant,American Restaurant,Coffee Shop,Bakery,Burger Joint,Grocery Store,BBQ Joint,Park
North Rockwall,75087,32.94,-96.44,28145,86094.0,207500.0,0.07036787913281937,0.4483365240337352,0.07321363895069075,0.2825580793708284,0.09903244166192374,0.0189889791483417,0.007502457701660889,Mexican Restaurant,Burger Joint,Fast Food Restaurant,American Restaurant,Italian Restaurant,Pizza Place,Supermarket,Grocery Store,Golf Course,Sporting Goods Shop
South Rowlett,75088,32.89,-96.55,24712,81425.0,154400.0,0.08886201336097674,0.4989057820778622,0.07941718498041926,0.23450817783920755,0.07958995623128312,0.013360976733471551,0.005355908776779544,Fast Food Restaurant,Burger Joint,Mexican Restaurant,Coffee Shop,Grocery Store,Golf Course,Bookstore,American Restaurant,Italian Restaurant,Hardware Store
North Rowlett,75089,32.94,-96.55,30251,86134.0,161000.0,0.11615435647943388,0.4462074303405573,0.09138655462184872,0.24303405572755415,0.07706766917293233,0.018465280849181774,0.007684652808491819,Fast Food Restaurant,Coffee Shop,Grocery Store,Burger Joint,Pizza Place,American Restaurant,Mexican Restaurant,Golf Course,Chinese Restaurant,Greek Restaurant
"(Willow Bend, Westworth Estates) - Plano",75093,33.04,-96.81,47187,99225.0,350000.0,0.03060446098922894,0.2526469960028072,0.06950843682299454,0.3985597900710951,0.16690568455741006,0.05470966954505233,0.02706496201141183,Grocery Store,Ice Cream Shop,Italian Restaurant,Mexican Restaurant,Fast Food Restaurant,Coffee Shop,American Restaurant,Bakery,Burger Joint,Sushi Restaurant
Murphy,75094,33.01,-96.62,20579,116344.0,263300.0,0.04273789649415693,0.3393989983305509,0.0659432387312187,0.38080133555926543,0.14015025041736226,0.01861435726210351,0.012353923205342236,American Restaurant,Fast Food Restaurant,Mexican Restaurant,Coffee Shop,Park,Burger Joint,Grocery Store,Pizza Place,Ice Cream Shop,Golf Course
Wylie,75098,33.02,-96.52,48197,81413.0,158100.0,0.07335193464887216,0.4983695834874105,0.07664638450936229,0.2777422933405049,0.06504857632702457,0.0044710390963794665,0.004370188590446095,Coffee Shop,Fast Food Restaurant,American Restaurant,Golf Course,Grocery Store,Ice Cream Shop,Park,Burger Joint,Mexican Restaurant,Pizza Place
Bardwell,75101,32.3,-96.6,646,33438.0,75000.0,0.4598765432098765,0.4567901234567901,0.0308641975308642,0.037037037037037035,0.0,0.0,0.015432098765432096,Fast Food Restaurant,Mexican Restaurant,Sandwich Place,Pharmacy,Burger Joint,Liquor Store,BBQ Joint,Pizza Place,American Restaurant,Breakfast Spot
Cedar Hill,75104,32.59,-96.96,45373,67691.0,132800.0,0.0827593514888206,0.5033026032284271,0.09487478365299706,0.1997456818904313,0.09586379852354207,0.012503973720462013,0.010949807495319841,Grocery Store,Mexican Restaurant,Fast Food Restaurant,Convenience Store,Coffee Shop,Park,Supermarket,Wings Joint,Ice Cream Shop,Seafood Restaurant
Crandall,75114,32.6,-96.4,4660,68287.0,120100.0,0.14367201426024956,0.5971479500891266,0.05775401069518716,0.12620320855614972,0.049910873440285206,0.02531194295900178,0.0,Mexican Restaurant,Discount Store,Burger Joint,Fast Food Restaurant,Sandwich Place,Pizza Place,Ice Cream Shop,Pharmacy,Fried Chicken Joint,Breakfast Spot
DeSoto,75115,32.61,-96.87,48877,61729.0,142300.0,0.08131755018013381,0.5436105476673428,0.09030910356937424,0.19242529744785206,0.07559565256879901,0.009930065695861464,0.0068117828706366745,Fast Food Restaurant,Mexican Restaurant,Grocery Store,Convenience Store,Pharmacy,Coffee Shop,Ice Cream Shop,Seafood Restaurant,Fried Chicken Joint,Wings Joint
North Duncanville,75116,32.66,-96.92,19669,53706.0,103000.0,0.2298360107095047,0.5074464524765729,0.05940428380187416,0.14164993306559573,0.047607095046854085,0.010625836680053548,0.003430388219544846,Mexican Restaurant,Fast Food Restaurant,Convenience Store,Wings Joint,Park,Grocery Store,Coffee Shop,Supermarket,Seafood Restaurant,Bakery
Ennis,75119,32.4,-96.6,26601,44808.0,110200.0,0.253135043165921,0.5536580754930998,0.07183817505828975,0.07971516793748819,0.02980654105488689,0.006175562417291575,0.005671434873022875,Fast Food Restaurant,Mexican Restaurant,Convenience Store,Pharmacy,Sandwich Place,Pizza Place,Ice Cream Shop,American Restaurant,Burger Joint,Discount Store
Ferris,75125,32.5,-96.6,6691,45375.0,78600.0,0.3442783631462877,0.5011026709139916,0.07106101445724088,0.06787552070570939,0.0137221269296741,0.0019603038470963,0.0,Discount Store,Sandwich Place,Gas Station,Fast Food Restaurant,Pizza Place,Convenience Store,Mexican Restaurant,Golf Course,Steakhouse,Ice Cream Shop
Forney,75126,32.7,-96.4,33396,85677.0,157300.0,0.0761512360639845,0.5847309743092584,0.07382452738730005,0.1866698982064954,0.07406689287445467,0.0016480853126514786,0.00290838584585555,Mexican Restaurant,Fast Food Restaurant,American Restaurant,Burger Joint,Convenience Store,Ice Cream Shop,Discount Store,Coffee Shop,Sandwich Place,Movie Theater
Fate,75132,32.9,-96.3,294,65563.0,134900.0,0.05491990846681922,0.6018306636155606,0.041189931350114416,0.3020594965675057,0.0,0.0,0.0,Fast Food Restaurant,Mexican Restaurant,American Restaurant,Discount Store,Burger Joint,Pizza Place,Convenience Store,Coffee Shop,Gas Station,Italian Restaurant
North Lancaster,75134,32.63,-96.76,20276,46971.0,101500.0,0.1293723849372385,0.6093723849372384,0.08050209205020921,0.13355648535564854,0.040836820083682016,0.0044351464435146435,0.0019246861924686195,Convenience Store,Mexican Restaurant,Fast Food Restaurant,Park,Coffee Shop,Fried Chicken Joint,American Restaurant,Burger Joint,Ice Cream Shop,Supermarket
Caddo Mills,75135,33.1,-96.2,5910,62800.0,112600.0,0.11257091669154973,0.6793072558972828,0.07554493878769783,0.07255897282770976,0.054643177067781434,0.005374738727978501,0.0,Mexican Restaurant,American Restaurant,Fast Food Restaurant,BBQ Joint,Ice Cream Shop,Pizza Place,Gas Station,Sandwich Place,Chinese Restaurant,Grocery Store
South Duncanville,75137,32.63,-96.91,18861,58895.0,126000.0,0.14766355140186915,0.4967086550182853,0.05932547744819179,0.1959366111336855,0.08175538399024787,0.007476635514018692,0.011133685493701749,Fast Food Restaurant,Mexican Restaurant,Grocery Store,Convenience Store,Ice Cream Shop,Park,Coffee Shop,Pharmacy,Supermarket,Seafood Restaurant
Hutchins,75141,32.64,-96.7,5374,34786.0,68000.0,0.2781869688385269,0.6101983002832861,0.027762039660056657,0.06515580736543909,0.018696883852691217,0.0,0.0,Fast Food Restaurant,Convenience Store,American Restaurant,Mexican Restaurant,Burger Joint,Fried Chicken Joint,Grocery Store,Discount Store,Pharmacy,Sandwich Place
Kaufman,75142,32.6,-96.3,18982,53809.0,110700.0,0.2155839784584315,0.5912150790979468,0.06529787950185123,0.09761023224503534,0.0204476607202962,0.007993941433860653,0.0018512285425782567,Mexican Restaurant,Fast Food Restaurant,Burger Joint,Discount Store,Gas Station,Convenience Store,Clothing Store,Ice Cream Shop,Breakfast Spot,Coffee Shop
Kemp,75143,32.4,-96.3,14619,40135.0,76900.0,0.2484980884762425,0.5764609503003824,0.046695794647733484,0.09821591115965776,0.024121609320953943,0.003458947751683961,0.002548698343346077,Fast Food Restaurant,Discount Store,Convenience Store,Golf Course,Ice Cream Shop,Mexican Restaurant,Sandwich Place,Martial Arts Dojo,Lake,Gas Station
South Lancaster,75146,32.57,-96.74,17993,59244.0,103400.0,0.15538261997405967,0.55495028102032,0.08966709900562041,0.14509295287505405,0.04651967142239516,0.007263294422827497,0.001124081279723303,Fast Food Restaurant,Convenience Store,Discount Store,Mexican Restaurant,Pharmacy,Burger Joint,Sandwich Place,American Restaurant,Hotel,Breakfast Spot
Mabank,75147,32.4,-96.0,6602,45227.0,89100.0,0.2062308868501529,0.610474006116208,0.04529816513761468,0.1051223241590214,0.028669724770642207,0.0007645259938837921,0.0034403669724770644,Discount Store,Fast Food Restaurant,Pizza Place,Sandwich Place,Ice Cream Shop,Coffee Shop,Burger Joint,Convenience Store,Mexican Restaurant,Shipping Store
Central to West Mesquite,75149,32.77,-96.62,56065,47739.0,97400.0,0.2233810888252149,0.551432664756447,0.08544412607449857,0.09097421203438397,0.03819484240687679,0.007822349570200574,0.0027507163323782233,Grocery Store,Mexican Restaurant,Convenience Store,Ice Cream Shop,Park,Fast Food Restaurant,Brewery,Burger Joint,Bar,Taco Place
Northwest Mesquite,75150,32.82,-96.63,58730,45999.0,105800.0,0.1857398301296379,0.5454291461779168,0.08881873044255699,0.12212226195797946,0.0474407688869021,0.007739159588734912,0.002710102816271793,Grocery Store,Brewery,Burger Joint,Coffee Shop,Mexican Restaurant,Park,Taco Place,BBQ Joint,Ice Cream Shop,Bar
Palmer,75152,32.43,-96.67,4606,54659.0,135500.0,0.2212496226984606,0.5973437971626924,0.09477814669483853,0.07183821309990945,0.012677331723513431,0.002112888620585572,0.0,Fast Food Restaurant,Burger Joint,Mexican Restaurant,Discount Store,Sandwich Place,Breakfast Spot,Pharmacy,Pizza Place,Ice Cream Shop,Department Store
Glenn Heights,75154,32.5,-96.8,36041,66162.0,139600.0,0.15564409030544488,0.565958388667552,0.06303674192120408,0.14975652943780435,0.04904825143868968,0.013103142983621072,0.003452855245683931,Fast Food Restaurant,Mexican Restaurant,Burger Joint,Convenience Store,Discount Store,Grocery Store,Ice Cream Shop,Sandwich Place,Pharmacy,Café
Rosser,75157,32.46,-96.44,310,41042.0,55900.0,0.2914798206278027,0.6591928251121076,0.017937219730941704,0.01345291479820628,0.017937219730941704,0.0,0.0,Sculpture Garden,Gas Station,Bakery,Café,Baseball Field,Gym / Fitness Center,Burger Joint,Discount Store,Wine Bar,Movie Theater
Scurry,75158,32.5,-96.4,4139,58466.0,111800.0,0.1960144927536232,0.6192028985507246,0.0713768115942029,0.08333333333333333,0.02934782608695652,0.0007246376811594202,0.0,Fast Food Restaurant,Gas Station,Mexican Restaurant,Burger Joint,Discount Store,Sandwich Place,Ice Cream Shop,Racetrack,Department Store,Breakfast Spot
Seagoville,75159,32.6,-96.6,18339,45479.0,90000.0,0.207695910084296,0.6052138620043709,0.05284108648142367,0.09030596315953793,0.034811114580081175,0.0038245394942241647,0.0053075241960661886,Fast Food Restaurant,Discount Store,Convenience Store,Sandwich Place,Mexican Restaurant,Pizza Place,Fried Chicken Joint,Park,Breakfast Spot,Asian Restaurant
West Terrell,75160,32.8,-96.3,23627,44594.0,100800.0,0.2542384375423844,0.541095890410959,0.055608300556083005,0.0960260409602604,0.041570595415705965,0.004679235046792351,0.0067815000678149995,Fast Food Restaurant,American Restaurant,Mexican Restaurant,Sandwich Place,Coffee Shop,Chinese Restaurant,Pizza Place,Burger Joint,Movie Theater,Gas Station
East Terrell,75161,32.7,-96.2,6165,56148.0,98300.0,0.20753138075313807,0.6397489539748954,0.0887029288702929,0.043933054393305436,0.010460251046025104,0.00502092050209205,0.004602510460251046,Fast Food Restaurant,Mexican Restaurant,Burger Joint,Convenience Store,Discount Store,Coffee Shop,Clothing Store,American Restaurant,Farm,Sporting Goods Shop
Josephine,75164,33.071999999999996,-96.31200000000001,671,56042.0,105700.0,0.17829457364341084,0.6627906976744186,0.09302325581395347,0.06589147286821706,0.0,0.0,0.0,Fast Food Restaurant,Gas Station,Discount Store,BBQ Joint,Mexican Restaurant,Sandwich Place,Café,Chinese Restaurant,Ice Cream Shop,Convenience Store
East Waxahachie,75165,32.4,-96.8,37966,59385.0,137500.0,0.13916690892478922,0.5659703476057976,0.05747746999460111,0.15399310602599775,0.06524357323809127,0.01187756966651439,0.006271024544208647,Mexican Restaurant,Fast Food Restaurant,Burger Joint,Sandwich Place,Ice Cream Shop,BBQ Joint,Italian Restaurant,Convenience Store,Hardware Store,Liquor Store
Lavon,75166,33.02,-96.45,3070,75804.0,173700.0,0.03794266441821248,0.5084317032040472,0.15767284991568298,0.2209106239460371,0.07419898819561553,0.0,0.0008431703204047218,Mexican Restaurant,American Restaurant,Fast Food Restaurant,Ice Cream Shop,Coffee Shop,Italian Restaurant,Burger Joint,Pizza Place,Grocery Store,Smoke Shop
West Waxahachie,75167,32.4,-96.9,8436,76207.0,176300.0,0.13489782886334611,0.5672094508301405,0.04789272030651341,0.18023627075351212,0.05012771392081737,0.01500638569604087,0.0046296296296296285,Mexican Restaurant,Burger Joint,Italian Restaurant,Discount Store,Fast Food Restaurant,Sandwich Place,Grocery Store,Ice Cream Shop,Taco Place,BBQ Joint
Wilmer,75172,32.61,-96.67,3956,39246.0,54000.0,0.4109810254339927,0.433589018974566,0.04804198627371821,0.1001211142511102,0.0060557125555106995,0.0012111425111021395,0.0,Fast Food Restaurant,Mexican Restaurant,Convenience Store,Discount Store,Burger Joint,Fried Chicken Joint,BBQ Joint,Pharmacy,Recreation Center,Breakfast Spot
Nevada,75173,33.06,-96.38,4353,67327.0,157000.0,0.14422769427566354,0.6463063639270866,0.07291333546530221,0.10297409657818997,0.02622321714102974,0.0009593859929645027,0.006395906619763352,Fast Food Restaurant,Discount Store,Gas Station,Pizza Place,American Restaurant,Mexican Restaurant,Sandwich Place,Trail,BBQ Joint,Coffee Shop
Balch Springs,75180,32.72,-96.61,23031,37787.0,83800.0,0.36137325089489103,0.4664009111617312,0.06947608200455581,0.08151643345265214,0.01871135698014969,0.0021965506020175728,0.0003254149040026033,Fast Food Restaurant,Mexican Restaurant,Convenience Store,Ice Cream Shop,Park,Burger Joint,BBQ Joint,Supermarket,Grocery Store,Steakhouse
Southeast Mesquite,75181,32.74,-96.55,25908,73879.0,144400.0,0.15287173365167794,0.4940310385992837,0.07859132510943095,0.20141928637750364,0.060352831940575676,0.011142061281337049,0.0015917230401910067,Fast Food Restaurant,Mexican Restaurant,Discount Store,Convenience Store,Ice Cream Shop,Burger Joint,Supermarket,Hardware Store,Pizza Place,Gas Station
Sunnyvale,75182,32.79,-96.56,5118,90366.0,290300.0,0.103382949932341,0.3512855209742896,0.08200270635994587,0.2568335588633288,0.12990527740189445,0.06441136671177268,0.012178619756427604,Mexican Restaurant,Fast Food Restaurant,Burger Joint,Convenience Store,Ice Cream Shop,Supermarket,Park,Grocery Store,BBQ Joint,Deli / Bodega
Royse City,75189,32.9,-96.3,22406,73146.0,144800.0,0.12074079432829342,0.5953845040873906,0.0724155393185271,0.15032916154235695,0.04904868697099038,0.00694494682775085,0.005136366924690733,Fast Food Restaurant,Mexican Restaurant,American Restaurant,Discount Store,Burger Joint,Pizza Place,Convenience Store,Coffee Shop,Gas Station,Italian Restaurant
Downtown Dallas,75201,32.79,-96.8,9409,67979.0,520000.0,0.04628445168042795,0.2497964879637167,0.059774392371205964,0.3799278985928597,0.13292243284102806,0.1010582625886731,0.03023607396208862,Mexican Restaurant,Brewery,Park,Coffee Shop,Burger Joint,Grocery Store,Steakhouse,Thai Restaurant,Bar,Hotel
Historic District - Dallas,75202,32.78,-96.8,1666,79681.0,211100.0,0.003353828954723309,0.262157629960872,0.06987143655673561,0.4102850754611515,0.16321967579653435,0.07825600894354387,0.012856344326439352,Park,Brewery,Mexican Restaurant,Coffee Shop,Grocery Store,Steakhouse,Burger Joint,Thai Restaurant,American Restaurant,Pizza Place
Cadillac Heights - Dallas,75203,32.74,-96.79,15721,28602.0,65600.0,0.4253164556962025,0.4279535864978903,0.04145569620253165,0.07436708860759493,0.025949367088607598,0.0009493670886075947,0.004008438818565401,Park,Coffee Shop,Mexican Restaurant,Brewery,Steakhouse,Pizza Place,American Restaurant,Burger Joint,Thai Restaurant,Hotel
"(City Place, Uptown) - Dallas",75204,32.8,-96.79,26279,63551.0,254400.0,0.12962007020441876,0.2241379310344828,0.033347098905637,0.36495973570101176,0.15501755110468718,0.07676027255833161,0.01615734049143093,Coffee Shop,Mexican Restaurant,Park,Brewery,Grocery Store,Steakhouse,Burger Joint,Thai Restaurant,Hotel,Trail
"(Park Cities, Highland Park) - Dallas",75205,32.83,-96.79,23061,108913.0,937100.0,0.016682803306769942,0.16883890668056903,0.02509868176063156,0.4215386906978476,0.18745810679973188,0.1370373128770388,0.04334549787741119,Grocery Store,Coffee Shop,Mexican Restaurant,American Restaurant,Burger Joint,Park,Bar,Thai Restaurant,Steakhouse,New American Restaurant
Lower Greenville - Dallas,75206,32.83,-96.77,36248,52192.0,268000.0,0.1316207138375226,0.2728749123389805,0.03893994758793785,0.3468792677075259,0.13283874063411213,0.04746613516406452,0.02938028272985642,Grocery Store,Burger Joint,Park,American Restaurant,Coffee Shop,Trail,Thai Restaurant,New American Restaurant,Mexican Restaurant,Steakhouse
West_of_Downtown - Dallas,75207,32.78,-96.82,9648,74792.0,,0.3106575963718821,0.5518207282913166,0.03481392557022809,0.07136187808456716,0.019341069761237832,0.005202080832332933,0.006802721088435374,Park,Coffee Shop,Mexican Restaurant,Brewery,Burger Joint,Grocery Store,Thai Restaurant,Steakhouse,Pizza Place,Hotel
Bishop Arts - Dallas,75208,32.75,-96.84,30171,45170.0,120900.0,0.3947355022656688,0.3503894913700932,0.022198462400081463,0.1439336082684181,0.05417239448093274,0.023369482205590347,0.011201059009215416,Park,Brewery,Mexican Restaurant,Coffee Shop,Steakhouse,Grocery Store,Burger Joint,Pizza Place,Thai Restaurant,Hotel
"(Bluffview, Greenway Parks) - Dallas",75209,32.84,-96.83,13653,79408.0,434400.0,0.09611544744962787,0.2974223997095662,0.035215102559448166,0.3399891087311672,0.128244690506444,0.08486113632238156,0.01815211472136504,Grocery Store,Mexican Restaurant,Burger Joint,Coffee Shop,American Restaurant,Park,New American Restaurant,Brewery,Shopping Mall,Gourmet Shop
South Dallas - Cotton Bowl Area,75210,32.76,-96.74,7482,15258.0,54900.0,0.36553524804177545,0.5845953002610966,0.018798955613577025,0.025587467362924284,0.0044386422976501316,0.0010443864229765013,0.0,Park,Coffee Shop,Brewery,Pizza Place,Hotel,Mexican Restaurant,Thai Restaurant,American Restaurant,Vegetarian / Vegan Restaurant,Grocery Store
Cockrell Hill - Dallas,75211,32.74,-96.92,73146,36704.0,87800.0,0.5053486432111487,0.3873840718386574,0.039452377447372296,0.049168261445605765,0.014353010451935816,0.0032631630600127577,0.0010304725452671868,Coffee Shop,Park,Fast Food Restaurant,Burger Joint,Mexican Restaurant,Pizza Place,Supermarket,Brewery,Hotel,Art Museum
West Dallas,75212,32.78,-96.87,24884,28802.0,73700.0,0.5151042405332577,0.4076726705431853,0.022479080981421075,0.04197986101262232,0.008438519358956176,0.0028364770954474538,0.0014891504751099135,Coffee Shop,Mexican Restaurant,Park,Brewery,Grocery Store,Steakhouse,Burger Joint,American Restaurant,Pizza Place,Hotel
"Northeast Dallas, Lakewood",75214,32.83,-96.74,32950,69168.0,336900.0,0.08846602566681418,0.2679325743251398,0.037051937080098164,0.3668986603371284,0.1360984833246168,0.07430502474152151,0.029247294524681174,Grocery Store,Coffee Shop,Park,Brewery,Burger Joint,Bar,Gym / Fitness Center,Shopping Mall,New American Restaurant,Taco Place
"(Cedars, South Blvd, Park Row, Wheatley Place) - Dallas",75215,32.75,-96.77,14648,23433.0,56300.0,0.2842188425834485,0.5389097373098953,0.04878530515504642,0.08246099150701165,0.037033379419316614,0.007307920205411811,0.0012838238198696426,Coffee Shop,Park,Brewery,Steakhouse,Pizza Place,Hotel,Mexican Restaurant,Thai Restaurant,American Restaurant,Vegetarian / Vegan Restaurant
Cedar Crest - Dallas,75216,32.71,-96.77,49416,23294.0,59700.0,0.3835335385022668,0.5237764320460637,0.03309176346007479,0.03789006916178563,0.01611568880505642,0.003309176346007479,0.0022833316787451608,Park,Coffee Shop,Brewery,American Restaurant,BBQ Joint,Thai Restaurant,Mexican Restaurant,Vegetarian / Vegan Restaurant,Burger Joint,Pizza Place
Pleasant Grove - Dallas,75217,32.7,-96.68,80324,34480.0,73200.0,0.4675997926386729,0.4574571190299096,0.03076610994658192,0.035071111411634784,0.007167489350192711,0.0016679063267744044,0.0002704712962336872,Mexican Restaurant,Fast Food Restaurant,BBQ Joint,Coffee Shop,Convenience Store,Brewery,Park,Vegetarian / Vegan Restaurant,Grocery Store,Art Museum
"(Casa Linda, Lockwood) - Dallas",75218,32.84,-96.7,21665,65567.0,220500.0,0.10018869072980703,0.3956418528212308,0.04394667965183517,0.2820622070728589,0.12112727494065373,0.039138109440623285,0.017895185342991053,Grocery Store,Brewery,Burger Joint,Park,Gym / Fitness Center,Trail,Coffee Shop,Steakhouse,Bar,New American Restaurant
"(Turtle Creek, Oaklawn) - Dallas",75219,32.81,-96.82,22124,59650.0,247400.0,0.16292007266121708,0.2686762034514078,0.048705722070844684,0.315622161671208,0.1178474114441417,0.06528156221616713,0.020946866485013624,Grocery Store,Mexican Restaurant,Brewery,Park,Thai Restaurant,Burger Joint,Coffee Shop,Steakhouse,Hotel,American Restaurant
Northwest Dallas,75220,32.86,-96.87,41891,35827.0,161100.0,0.4709624541409726,0.3341659511357427,0.02579814222152837,0.10463664038716727,0.03703848255405511,0.02158301459683085,0.005815314963703067,Grocery Store,Mexican Restaurant,Coffee Shop,Park,Burger Joint,Steakhouse,Shopping Mall,Seafood Restaurant,New American Restaurant,American Restaurant
"(Owenwood, Dolphin Heights) - Dallas",75223,32.79,-96.75,13947,35949.0,95200.0,0.4301901536858557,0.3619432143787445,0.030346444386558997,0.12490231831206045,0.03516540765824434,0.013154467309195105,0.004297994269340974,Coffee Shop,Park,Brewery,American Restaurant,Steakhouse,Bar,Grocery Store,Hotel,Thai Restaurant,New American Restaurant
"(Wynnewood, Elmwood, Five Mile Creek) - Dallas",75224,32.71,-96.84,34034,33830.0,86900.0,0.37773075905845016,0.4664374504099445,0.04760645331922772,0.0763819095477387,0.02168738428987041,0.007035175879396985,0.003120867495371595,Coffee Shop,Park,Mexican Restaurant,Brewery,Hotel,American Restaurant,BBQ Joint,Pizza Place,Burger Joint,Trail
University Park,75225,32.87,-96.79,20892,147153.0,824100.0,0.010342194766432984,0.16568334837231902,0.021864371486083157,0.4633164433955716,0.19205941556187964,0.12362046227528285,0.023113764142430764,Grocery Store,Mexican Restaurant,Burger Joint,Thai Restaurant,Bar,Coffee Shop,Fried Chicken Joint,Trail,New American Restaurant,Shopping Mall
Deep Ellum - Dallas,75226,32.78,-96.78,3506,42768.0,59300.0,0.2561654733492442,0.3484486873508353,0.09705648369132856,0.20007955449482892,0.06364359586316627,0.034606205250596656,0.0,Brewery,Coffee Shop,Park,Mexican Restaurant,Grocery Store,Steakhouse,Pizza Place,American Restaurant,Burger Joint,Thai Restaurant
"(Riverway Estates, Bruton Terrace) - Dallas",75227,32.77,-96.69,55029,37720.0,86200.0,0.3724164327634601,0.4872097473845369,0.04360168410308752,0.065928808369482,0.024208981883133453,0.004752487879561113,0.0018818576167389642,Coffee Shop,Park,Grocery Store,Brewery,Thai Restaurant,Burger Joint,Bar,Taco Place,Gym / Fitness Center,Golf Course
"(Casa View, Eastwood Hills) - Dallas",75228,32.83,-96.68,66551,36274.0,105300.0,0.3399961971764035,0.4501354755906261,0.050434947948852026,0.1049579312639635,0.04076151542520321,0.008794029566953462,0.004919903027998288,Brewery,Grocery Store,Taco Place,Burger Joint,BBQ Joint,Bar,Thai Restaurant,Ice Cream Shop,Fast Food Restaurant,Coffee Shop
Loryland - Dallas,75229,32.9,-96.89,31571,70625.0,272400.0,0.2308748798242,0.3040791100123609,0.03799844343725679,0.2727189488623358,0.08867829510598361,0.048573913839674035,0.017076408918188894,Grocery Store,American Restaurant,Mexican Restaurant,Fast Food Restaurant,New American Restaurant,Restaurant,Park,Greek Restaurant,Bakery,Coffee Shop
North Dallas,75230,32.9,-96.79,26934,68863.0,461900.0,0.08160138895981209,0.28049839146198235,0.03681764795996528,0.33426951948118266,0.1472705918398611,0.08977174079558801,0.029770719501608537,Grocery Store,Mexican Restaurant,American Restaurant,Park,Coffee Shop,Burger Joint,Seafood Restaurant,Greek Restaurant,Taco Place,New American Restaurant
Vickory Meadow - Dallas,75231,32.88,-96.75,37052,33546.0,253900.0,0.2379118528027385,0.4175818951171968,0.04844767745923073,0.18993961869443254,0.0664194361241858,0.030333285788998236,0.009366234013217326,Grocery Store,Seafood Restaurant,Burger Joint,Thai Restaurant,Shopping Mall,Brewery,Coffee Shop,Park,Bar,New American Restaurant
Wolf Creek - Dallas,75232,32.66,-96.84,28682,36265.0,91200.0,0.2113324823797103,0.5749486652977412,0.04611798656973195,0.09800765858260724,0.057716854431433484,0.0072146068039291855,0.004661745934846551,Coffee Shop,Mexican Restaurant,Convenience Store,Park,Bakery,Grocery Store,BBQ Joint,Seafood Restaurant,Supermarket,Fried Chicken Joint
Westwood Park - Dallas,75233,32.71,-96.87,14043,40151.0,115400.0,0.306269628940328,0.4669070606025358,0.03408165639176457,0.1110852623008026,0.06537164127021054,0.009305571711061998,0.006979178783296499,Mexican Restaurant,Park,Coffee Shop,Brewery,Hotel,BBQ Joint,Convenience Store,Burger Joint,Pizza Place,American Restaurant
Farmers Branch,75234,32.92,-96.9,28794,53305.0,137600.0,0.2385853787278965,0.4707310636051729,0.041752441277381896,0.16442333069411455,0.06634996041171813,0.013248878332013724,0.004908946951702296,Grocery Store,Fast Food Restaurant,Mexican Restaurant,American Restaurant,Liquor Store,Seafood Restaurant,Coffee Shop,Restaurant,Park,Steakhouse
Love Field - Dallas,75235,32.83,-96.85,17177,37530.0,106900.0,0.29849690539345713,0.43704686118479225,0.03448275862068965,0.1304155614500442,0.04182139699381079,0.028912466843501326,0.028824049513704687,Mexican Restaurant,Grocery Store,Park,New American Restaurant,Burger Joint,American Restaurant,Restaurant,Steakhouse,Coffee Shop,Brewery
West Redbird - Dallas,75236,32.69,-96.94,15949,37645.0,97500.0,0.279292988411565,0.5105934683366499,0.042256818447852035,0.11213859300011704,0.04986538686644036,0.0032775371649303524,0.002575207772445277,Convenience Store,Coffee Shop,Mexican Restaurant,Fast Food Restaurant,Supermarket,Grocery Store,Park,Bakery,Italian Restaurant,Chinese Restaurant
East Redbird - Dallas,75237,32.66,-96.87,17101,29787.0,104500.0,0.19625195210827692,0.6417490890161375,0.05059864653826132,0.08578865174388339,0.015304528891202497,0.00739198334200937,0.0029151483602290478,Mexican Restaurant,Convenience Store,Grocery Store,Park,Coffee Shop,Fast Food Restaurant,Ice Cream Shop,Fried Chicken Joint,Italian Restaurant,Bakery
"(Lake Highlands, Highland Meadows) - Dallas",75238,32.88,-96.71,30483,52779.0,242300.0,0.15800631039242752,0.362453165056202,0.05082823900611319,0.27440347071583515,0.10988956813251824,0.037418655097613884,0.0070005915992900816,Grocery Store,Burger Joint,Thai Restaurant,New American Restaurant,Brewery,Taco Place,Shopping Mall,Golf Course,American Restaurant,Seafood Restaurant
Galleria - Dallas,75240,32.93,-96.79,24296,37095.0,173900.0,0.34613947696139474,0.3495641344956413,0.035554171855541716,0.1848692403486924,0.05834371108343711,0.02092154420921544,0.00460772104607721,Grocery Store,American Restaurant,Mexican Restaurant,Coffee Shop,Burger Joint,Seafood Restaurant,Greek Restaurant,Park,Taco Place,New American Restaurant
South Dallas,75241,32.67,-96.76,27066,30870.0,78300.0,0.2018973883648656,0.6402595278338149,0.05577667520854916,0.06809879504934299,0.028024644239681592,0.0033258819039310838,0.002617087399814623,Coffee Shop,Park,American Restaurant,Fried Chicken Joint,Mexican Restaurant,BBQ Joint,Convenience Store,Dive Bar,Fast Food Restaurant,Chocolate Shop
"(Woodbridge, Forest Meadow, Northwood Heights) - Dallas",75243,32.91,-96.74,55406,35944.0,178400.0,0.1824101455868972,0.4855550500454959,0.058206323930846224,0.18283666969972706,0.06284121929026387,0.017857142857142856,0.010293448589626934,Grocery Store,American Restaurant,Coffee Shop,Burger Joint,Taco Place,Park,Mexican Restaurant,Golf Course,New American Restaurant,BBQ Joint
North Branch - Dallas,75244,32.93,-96.84,13266,72735.0,282800.0,0.10403790688092296,0.2985166872682324,0.03749484960857025,0.36907704985578893,0.11361763494025548,0.05644829007004532,0.02080758137618459,Grocery Store,Mexican Restaurant,American Restaurant,Coffee Shop,New American Restaurant,Burger Joint,Greek Restaurant,Restaurant,Taco Place,Park
Old East - Dallas,75246,32.793,-96.773,2770,32254.0,122800.0,0.3406593406593407,0.4335164835164835,0.01813186813186813,0.11978021978021977,0.07747252747252747,0.0071428571428571435,0.0032967032967032967,Brewery,Coffee Shop,Park,Mexican Restaurant,Steakhouse,Grocery Store,Bar,Hotel,Thai Restaurant,Burger Joint
Brook Hollow - Dallas,75247,32.83,-96.88,468,23793.0,,0.347985347985348,0.4706959706959707,0.05128205128205128,0.05311355311355311,0.07692307692307693,0.0,0.0,Mexican Restaurant,Grocery Store,Coffee Shop,Burger Joint,Restaurant,Steakhouse,Brewery,Seafood Restaurant,Hotel,American Restaurant
Far North Dallas,75248,32.97,-96.8,33395,72111.0,260300.0,0.05336731541550819,0.3288538770466481,0.06591751621872104,0.3403228297806611,0.14407630522088352,0.04058541859746679,0.02687673772011121,Grocery Store,Ice Cream Shop,American Restaurant,Fast Food Restaurant,Bakery,Park,Sushi Restaurant,Taco Place,Burger Joint,Gym
Cedar Ridge - Dallas,75249,32.64,-96.97,13373,57247.0,117700.0,0.14434633308805495,0.4968113809173412,0.1194505764042188,0.1510914888398332,0.06806475349521708,0.013980868285504048,0.0062545989698307575,Fast Food Restaurant,Mexican Restaurant,Grocery Store,Convenience Store,Coffee Shop,Park,Supermarket,American Restaurant,Wings Joint,Ice Cream Shop
Park Central - Dallas,75251,32.917,-96.773,2331,56788.0,,0.055142231947483585,0.2512035010940919,0.03938730853391685,0.3973741794310722,0.15798687089715535,0.07789934354485778,0.02100656455142232,Grocery Store,American Restaurant,Mexican Restaurant,Coffee Shop,Park,Burger Joint,Seafood Restaurant,Taco Place,New American Restaurant,Cosmetics Shop
Preston Villa - Dallas,75252,33.0,-96.79,24112,54650.0,280300.0,0.06449849685706477,0.3423339710303361,0.06406121891227111,0.30696911724514897,0.17190489204700735,0.030937414594151412,0.019294889314020226,Grocery Store,Mexican Restaurant,Ice Cream Shop,American Restaurant,Coffee Shop,Park,Burger Joint,Pizza Place,Seafood Restaurant,Bakery
Kleberg - Dallas,75253,32.67,-96.61,18450,33283.0,48200.0,0.44435805228885217,0.4559238021187676,0.036155117115365926,0.04266692584313345,0.013898338030906794,0.00699776460297405,0.0,Mexican Restaurant,Fast Food Restaurant,Convenience Store,Burger Joint,Grocery Store,BBQ Joint,Ice Cream Shop,Discount Store,Sandwich Place,Big Box Store
White Rock Creek - Dallas,75254,32.95,-96.8,23253,44283.0,294800.0,0.15158894435650794,0.35516863509070984,0.06441008157798613,0.2989163521246804,0.0947887495434068,0.024290758553512724,0.010836478753196151,Grocery Store,American Restaurant,Park,Gym,Mexican Restaurant,Sushi Restaurant,Bakery,Taco Place,Wine Shop,Mediterranean Restaurant
Rollingwood - Dallas,75287,33.0,-96.84,49004,46828.0,246400.0,0.07137390515604182,0.4163950225346523,0.0664984835171065,0.3056209076220981,0.11100087870971401,0.019501686555741374,0.009609115904645823,Grocery Store,Ice Cream Shop,Fast Food Restaurant,Pizza Place,Park,American Restaurant,Mexican Restaurant,BBQ Joint,Sushi Restaurant,Coffee Shop
North Greenville,75401,33.2,-96.1,18552,31274.0,58200.0,0.2733925771040251,0.5733577278271476,0.059766509844920726,0.06429691583899634,0.0247429865830284,0.0009583551141313818,0.003484927687750479,Mexican Restaurant,American Restaurant,Fast Food Restaurant,BBQ Joint,Pizza Place,Gas Station,Sandwich Place,Supermarket,Discount Store,Ice Cream Shop
South Greenville,75402,33.1,-96.1,15920,57594.0,118200.0,0.09543795620437956,0.516058394160584,0.102007299270073,0.18093065693430654,0.07135036496350365,0.010583941605839416,0.023631386861313868,Mexican Restaurant,American Restaurant,Fast Food Restaurant,BBQ Joint,Gas Station,Pizza Place,Chinese Restaurant,Burger Joint,Supermarket,Discount Store
Princeton,75407,33.1,-96.5,14120,52330.0,108500.0,0.15835449466734386,0.5751142712036567,0.08918232605383443,0.13265617064499746,0.03484002031488065,0.008735398679532758,0.0011173184357541898,American Restaurant,Mexican Restaurant,Fast Food Restaurant,Grocery Store,Steakhouse,Coffee Shop,Pizza Place,Burger Joint,Ice Cream Shop,Bakery
Anna,75409,33.3,-96.5,11831,61997.0,131000.0,0.15736040609137056,0.5356665776115416,0.07934811648410366,0.1508148543948704,0.055703980764092983,0.020838899278653487,0.0002671653753673524,Fast Food Restaurant,Sandwich Place,American Restaurant,Burger Joint,Pizza Place,Gas Station,Convenience Store,Discount Store,Coffee Shop,Café
Campbell,75422,33.1,-95.9,2883,52056.0,89800.0,0.1420996818663839,0.644220572640509,0.04772004241781548,0.07635206786850478,0.020678685047720042,0.0021208907741251328,0.06680805938494168,Convenience Store,Discount Store,Food,Burger Joint,Gas Station,Seafood Restaurant,Bar,Golf Course,Outdoors & Recreation,Grocery Store
Blue Ridge,75424,33.31,-96.39,3297,48948.0,121600.0,0.1195219123505976,0.6325807879592739,0.05533421868083223,0.17220008853474988,0.018592297476759632,0.0,0.0017706949977866313,Discount Store,Burger Joint,American Restaurant,Fast Food Restaurant,Baseball Field,Chinese Restaurant,Trail,Locksmith,Italian Restaurant,Café
Commerce,75428,33.3,-95.9,10089,27662.0,84400.0,0.1871345029239766,0.4950009432182607,0.04112431616676099,0.1661950575363139,0.08734201094133183,0.007734389737785324,0.015468779475570647,Fast Food Restaurant,Pizza Place,American Restaurant,Bar,Mexican Restaurant,Grocery Store,Burger Joint,Food,Furniture / Home Store,Garden Center
Farmersville,75442,33.2,-96.3,8858,52080.0,113100.0,0.1447721179624665,0.5926608579088471,0.09065013404825738,0.1308646112600536,0.041052278820375335,0.0,0.0,Gas Station,Discount Store,Grocery Store,Café,Trail,Park,American Restaurant,Fast Food Restaurant,Chinese Restaurant,Mobile Phone Shop
Lone Oak,75453,33.0,-95.9,3255,41525.0,101200.0,0.14312529328953544,0.6794931956827779,0.0656968559361802,0.06241201313937119,0.0342562177381511,0.015016424213984044,0.0,Liquor Store,Lake,Gas Station,Home Service,Construction & Landscaping,Pizza Place,Seafood Restaurant,Restaurant,Golf Course,Discount Store
Melissa,75454,33.28,-96.56,5699,87125.0,186900.0,0.1213235294117647,0.4237132352941176,0.125,0.20802696078431374,0.11243872549019608,0.009497549019607842,0.0,Sandwich Place,Steakhouse,Burger Joint,Coffee Shop,Pizza Place,Grocery Store,Gas Station,Pharmacy,Fast Food Restaurant,Café
Quinlan,75474,32.9,-96.1,14882,44976.0,79900.0,0.22082228116710875,0.6286472148541115,0.06754452444107617,0.06025009473285335,0.01771504357711254,0.003220917014020462,0.0017999242137173171,Mexican Restaurant,Gas Station,Fast Food Restaurant,American Restaurant,Convenience Store,Italian Restaurant,Fried Chicken Joint,Burger Joint,Campground,Auto Garage
Wolfe City,75496,33.4,-96.1,3351,39175.0,86400.0,0.14601958280119198,0.5913154533844189,0.06641123882503193,0.1179225202213708,0.0604512558535547,0.002554278416347382,0.01532567049808429,Discount Store,Park,Furniture / Home Store,Gas Station,Fast Food Restaurant,Pet Store,Food,Mexican Restaurant,Ice Cream Shop,BBQ Joint
Southwest Arlington,76001,32.63,-97.15,30460,74587.0,145600.0,0.10661824489132203,0.4801886281099246,0.06471895495690823,0.23735703832186025,0.08585831210363705,0.01447232912352973,0.010786492492818038,Coffee Shop,Fast Food Restaurant,American Restaurant,Ice Cream Shop,BBQ Joint,Mexican Restaurant,Park,Burger Joint,Hardware Store,Supermarket
Southeast Arlington,76002,32.62,-97.09,30269,79376.0,144600.0,0.11836801394487415,0.468351672295457,0.09636125939644842,0.24261902167992155,0.05142172349929186,0.010676544285869921,0.012201764898137051,Coffee Shop,American Restaurant,Fast Food Restaurant,Mexican Restaurant,BBQ Joint,Hardware Store,Grocery Store,Convenience Store,Park,Bakery
River Legacy Parks - Arlington,76006,32.78,-97.1,22639,44363.0,184600.0,0.06337127509911754,0.4671952935157949,0.09911753421153599,0.2616702903184551,0.07782325105512214,0.017841156158076483,0.012981199641897942,Burger Joint,Park,Coffee Shop,American Restaurant,Mexican Restaurant,Fast Food Restaurant,Golf Course,Football Stadium,Donut Shop,Brewery
Aledo,76008,32.7,-97.6,13602,102951.0,242600.0,0.050781683113427206,0.4112429315888679,0.07085042687659386,0.31910411353808626,0.1067745869830358,0.02860627564031489,0.012639982259674021,Burger Joint,Mexican Restaurant,Fast Food Restaurant,Convenience Store,American Restaurant,Discount Store,BBQ Joint,Coffee Shop,Fried Chicken Joint,Thai Restaurant
Alvarado,76009,32.4,-97.2,19759,51696.0,85800.0,0.24964516637754294,0.6027440466803343,0.05685223150922567,0.06741838826683487,0.010881564422015455,0.003232928560164012,0.009225674183882671,Discount Store,Gas Station,Fast Food Restaurant,Pizza Place,Mexican Restaurant,Convenience Store,Grocery Store,Sandwich Place,Bank,Italian Restaurant
East Arlington,76010,32.72,-97.08,55706,31108.0,82600.0,0.42047827551364103,0.4598854833277198,0.03287302121926575,0.06069383630852139,0.02088245200404177,0.002492421690804985,0.002694509936005389,Coffee Shop,American Restaurant,Mexican Restaurant,Convenience Store,Burger Joint,Fried Chicken Joint,Pizza Place,Bakery,Park,Bar
"(Six Flags, Stadium Areas) - Arlington",76011,32.76,-97.08,21594,34412.0,102400.0,0.2931869795609387,0.451551854655564,0.04027252081756245,0.15049205147615444,0.04882664647993944,0.011052233156699473,0.00461771385314156,Coffee Shop,American Restaurant,Mexican Restaurant,Burger Joint,Park,Fast Food Restaurant,Golf Course,Grocery Store,Fried Chicken Joint,Warehouse Store
Northwest Arlington,76012,32.76,-97.15,25689,56627.0,162100.0,0.1010089810400266,0.4358576338840226,0.07866725801086595,0.2463133385075951,0.09540969065306576,0.022840669697305686,0.0199024282071183,American Restaurant,Park,Mexican Restaurant,Grocery Store,Coffee Shop,Burger Joint,Golf Course,Convenience Store,Beer Bar,Sandwich Place
West Arlington,76013,32.72,-97.16,30680,50220.0,146400.0,0.07090988839612067,0.4653248208977046,0.07310297772795946,0.2483551830011209,0.11311467420439593,0.01276865344315025,0.016423802329548223,American Restaurant,Coffee Shop,Park,Mexican Restaurant,Fried Chicken Joint,Burger Joint,Bakery,Pizza Place,Italian Restaurant,Convenience Store
Vandergriff Park Area - Arlington,76014,32.69,-97.09,34072,42558.0,93100.0,0.24075715701100275,0.554935599937425,0.06403504197736873,0.11138342806486938,0.02445638003858789,0.003702351775564478,0.0007300411951817283,American Restaurant,Coffee Shop,Mexican Restaurant,Bakery,Fried Chicken Joint,Chinese Restaurant,Frozen Yogurt Shop,Park,Beer Bar,Bar
Parks Mall Area - Arlington,76015,32.69,-97.13,16658,47902.0,116000.0,0.11326830192253055,0.5570603276825457,0.061842977554692674,0.1829718723363955,0.06411592006818828,0.009091770053982384,0.011648830381664931,Coffee Shop,Mexican Restaurant,American Restaurant,Park,Fried Chicken Joint,Bakery,Burger Joint,Vietnamese Restaurant,Donut Shop,Chinese Restaurant
Lake Arlington Area - Arlington,76016,32.69,-97.19,30852,81635.0,152600.0,0.06085405998536943,0.4484729334308705,0.06693489392831017,0.2796269202633504,0.1027798098024872,0.021991587417703,0.019339795171909292,American Restaurant,Coffee Shop,Burger Joint,Italian Restaurant,Park,Grocery Store,Mexican Restaurant,Pizza Place,Fried Chicken Joint,Warehouse Store
Green Oaks - Arlington,76017,32.66,-97.17,44724,68538.0,135200.0,0.05812344312205923,0.4940492665375035,0.09133683919180736,0.2508303349017437,0.0827567118737891,0.011520896761693884,0.011382507611403268,Coffee Shop,American Restaurant,Park,Ice Cream Shop,Mexican Restaurant,Grocery Store,Fried Chicken Joint,Burger Joint,Sandwich Place,Taco Place
Fish Creek - Arlington,76018,32.66,-97.09,26938,64403.0,115900.0,0.1284891448825875,0.5341477308690423,0.08557503639470852,0.19792391923539465,0.0475979492372935,0.003164757263117919,0.0031014621178555605,American Restaurant,Coffee Shop,Park,Mexican Restaurant,Vietnamese Restaurant,Bakery,Fast Food Restaurant,Fried Chicken Joint,Chinese Restaurant,Convenience Store
Azle,76020,32.9,-97.6,27270,57457.0,113400.0,0.14892606469998418,0.5842524671486622,0.08032086125916935,0.13499393107815716,0.04079370943057682,0.006227241543089346,0.004485724840360969,Discount Store,Burger Joint,Pizza Place,Gas Station,Park,Grocery Store,Sandwich Place,Fast Food Restaurant,Pharmacy,Mexican Restaurant
North Bedford,76021,32.85,-97.13,33673,65134.0,171900.0,0.05081812460667087,0.4786815607300189,0.08275645059786027,0.2804043423536816,0.08889238514789176,0.011917872876022657,0.006529263687853996,Fast Food Restaurant,Coffee Shop,Mexican Restaurant,Park,Burger Joint,American Restaurant,Ice Cream Shop,Pizza Place,Grocery Store,Supermarket
South Bedford,76022,32.83,-97.14,13212,53793.0,126200.0,0.07512315270935961,0.5573219883564711,0.13266905508284818,0.17129422301836095,0.05463502015226153,0.008956560680698611,0.0,Coffee Shop,Fast Food Restaurant,Park,Burger Joint,Mexican Restaurant,American Restaurant,Italian Restaurant,Ice Cream Shop,Pizza Place,Supermarket
Boyd,76023,33.06,-97.61,5832,49441.0,93000.0,0.15008858516831186,0.6049101493292838,0.07668944570994685,0.12098202986585675,0.03923057453809162,0.005315110098709187,0.0027841052898000505,Discount Store,Sandwich Place,Fast Food Restaurant,Gas Station,American Restaurant,Construction & Landscaping,Mexican Restaurant,Taco Place,Bed & Breakfast,Cajun / Creole Restaurant
Burleson,76028,32.5,-97.3,59744,69676.0,136800.0,0.0892062633661906,0.5918241931122638,0.07185172439222241,0.16941569774587645,0.058798947911801576,0.011086256483370615,0.007816916988274624,Mexican Restaurant,Discount Store,Fast Food Restaurant,Convenience Store,American Restaurant,Grocery Store,Sandwich Place,Gas Station,Burger Joint,Italian Restaurant
East Cleburne,76031,32.4,-97.3,17759,46714.0,97400.0,0.21962616822429906,0.5857296908698778,0.07755212077641985,0.09076204169662114,0.021477354421279654,0.002606038820992092,0.002246585190510424,Mexican Restaurant,Grocery Store,Burger Joint,Italian Restaurant,Fast Food Restaurant,Discount Store,Fried Chicken Joint,Ice Cream Shop,Gas Station,Asian Restaurant
West Cleburne,76033,32.3,-97.5,24819,53523.0,110900.0,0.17770576798444587,0.5611147116007777,0.07323395981853532,0.1407647440051847,0.03817239144523655,0.005832793259883343,0.0031756318859364873,American Restaurant,Pizza Place,Grocery Store,Ice Cream Shop,Golf Course,Mexican Restaurant,Fast Food Restaurant,Campground,BBQ Joint,Discount Store
Colleyville,76034,32.89,-97.14,22748,152986.0,405100.0,0.0177349885989359,0.28863693944768176,0.05212819863187231,0.40043070686597415,0.15353432987078794,0.06973650874081581,0.0177983278439321,Mexican Restaurant,Coffee Shop,Italian Restaurant,Pizza Place,American Restaurant,Park,Fast Food Restaurant,Grocery Store,Ice Cream Shop,Breakfast Spot
Cresson,76035,32.57,-97.65,1622,84732.0,126600.0,0.03609756097560975,0.5434146341463415,0.06829268292682927,0.21365853658536585,0.09560975609756098,0.03121951219512195,0.011707317073170732,Fast Food Restaurant,Sandwich Place,Gas Station,American Restaurant,Coffee Shop,BBQ Joint,Discount Store,Arts & Crafts Store,Supermarket,Grocery Store
Crowley,76036,32.58,-97.41,22352,64852.0,132200.0,0.10074074074074074,0.5932980599647266,0.08479717813051146,0.1439153439153439,0.05516754850088183,0.012486772486772487,0.009594356261022927,Mexican Restaurant,Fast Food Restaurant,Grocery Store,Coffee Shop,American Restaurant,Convenience Store,Burger Joint,Bookstore,Sushi Restaurant,Pizza Place
North Euless,76039,32.86,-97.09,32925,58320.0,146300.0,0.08210487882798595,0.4705399114599973,0.09273880699192187,0.2646615855049975,0.0743918579708822,0.007530464150426726,0.008032495093788509,Mexican Restaurant,Coffee Shop,Fast Food Restaurant,American Restaurant,Park,Steakhouse,Italian Restaurant,Bakery,Pizza Place,Gourmet Shop
South Euless,76040,32.81,-97.1,27524,45748.0,142900.0,0.13254564983888292,0.5466702470461869,0.0728249194414608,0.19360902255639095,0.044414607948442535,0.005907626208378088,0.0040279269602577885,Coffee Shop,American Restaurant,Burger Joint,Park,Fast Food Restaurant,Mexican Restaurant,Sandwich Place,Pizza Place,Bakery,Italian Restaurant
Forreston,76041,32.24,-96.85,434,57750.0,72000.0,0.078125,0.7265625,0.1015625,0.0,0.09375,0.0,0.0,Fast Food Restaurant,BBQ Joint,Bus Station,Grocery Store,Travel & Transport,Truck Stop,Italian Restaurant,Gas Station,Café,Racetrack
Glen Rose,76043,32.2,-97.8,7071,54925.0,137200.0,0.15481085526315788,0.4689555921052632,0.09765625,0.19654605263157893,0.04461348684210526,0.030838815789473683,0.006578947368421052,Hotel,American Restaurant,Sandwich Place,Resort,Gift Shop,Fast Food Restaurant,Campground,Beer Garden,Steakhouse,State / Provincial Park
Godley,76044,32.4,-97.5,3866,59833.0,138900.0,0.15727502102607233,0.6000841042893188,0.06896551724137931,0.13582842724978975,0.023549201009251473,0.0,0.014297729184188394,Grocery Store,American Restaurant,Mexican Restaurant,Ice Cream Shop,Discount Store,Fast Food Restaurant,Burger Joint,Italian Restaurant,Sandwich Place,Fried Chicken Joint
West Granbury,76048,32.4,-97.8,21989,48668.0,125700.0,0.1839021579048473,0.5953768329384644,0.05148235896779151,0.12044566818210925,0.032848818595120705,0.008452327591726963,0.007491835819939809,American Restaurant,Mexican Restaurant,Pizza Place,Coffee Shop,Italian Restaurant,Gas Station,BBQ Joint,Fast Food Restaurant,Discount Store,Sandwich Place
East Granbury,76049,32.5,-97.7,25130,64254.0,172900.0,0.08579305870904963,0.5320575197318629,0.07449453995026489,0.2016974808087361,0.0757379176127149,0.015298951237971672,0.014920531949399934,American Restaurant,Fast Food Restaurant,Mexican Restaurant,Pizza Place,Discount Store,BBQ Joint,Coffee Shop,Gas Station,Italian Restaurant,Grocery Store
Grandview,76050,32.3,-97.2,5875,62723.0,169500.0,0.11030654115375332,0.6017378711078928,0.09099686217716632,0.1416847694907072,0.04561911658218682,0.005551532705768767,0.0041033067825247405,Fast Food Restaurant,Gas Station,Discount Store,Grocery Store,Pharmacy,Convenience Store,Pizza Place,Mexican Restaurant,Sandwich Place,Fried Chicken Joint
Grapevine,76051,32.94,-97.07,46320,76216.0,226900.0,0.07979971835393522,0.4120168987638867,0.06214989829447661,0.3070880926302613,0.11024878735722107,0.015146299483648882,0.013550305116570176,Mexican Restaurant,Fast Food Restaurant,Coffee Shop,Grocery Store,American Restaurant,Pizza Place,Steakhouse,Supermarket,BBQ Joint,New American Restaurant
Haslet - Fort Worth,76052,32.98,-97.39,15995,93031.0,181000.0,0.07765629380431735,0.4955611625081768,0.10148584244463134,0.2627791795159331,0.059433697785253724,0.001682085786375105,0.0014017381553125875,Burger Joint,Mexican Restaurant,Supermarket,Fast Food Restaurant,Coffee Shop,Park,Fried Chicken Joint,Pharmacy,Pizza Place,Italian Restaurant
South Hurst,76053,32.82,-97.17,28421,44977.0,115800.0,0.1821798365122616,0.5623978201634877,0.06735694822888283,0.14038147138964574,0.04174386920980926,0.0023978201634877387,0.003542234332425068,Coffee Shop,Fast Food Restaurant,Park,Burger Joint,American Restaurant,Italian Restaurant,Mexican Restaurant,Grocery Store,Supermarket,Ice Cream Shop
North Hurst,76054,32.86,-97.18,11764,93763.0,177300.0,0.03785074626865672,0.4325970149253731,0.08967164179104478,0.30770149253731344,0.11307462686567166,0.0111044776119403,0.008,Fast Food Restaurant,Coffee Shop,Mexican Restaurant,Burger Joint,Park,Supermarket,Ice Cream Shop,American Restaurant,Italian Restaurant,Pizza Place
Joshua,76058,32.48,-97.41,17123,56151.0,101900.0,0.22449166514013555,0.6166880381022165,0.05367283385235391,0.08179153691152226,0.014196739329547537,0.0076021249313061,0.0015570617329181168,Mexican Restaurant,Fast Food Restaurant,Grocery Store,Convenience Store,Burger Joint,American Restaurant,Ice Cream Shop,Hardware Store,Italian Restaurant,Gym
Keene,76059,32.39,-97.32,4881,36579.0,98900.0,0.19365079365079368,0.5650793650793651,0.07548500881834215,0.1146384479717813,0.033862433862433865,0.005643738977072311,0.01164021164021164,Fast Food Restaurant,Mexican Restaurant,Grocery Store,Gas Station,Discount Store,American Restaurant,Italian Restaurant,Pharmacy,Burger Joint,Fried Chicken Joint
Kennedale,76060,32.64,-97.21,6764,74375.0,158300.0,0.13588283157038242,0.5783157038242474,0.059397884458909686,0.1629373474369406,0.051261187957689185,0.009357200976403579,0.0028478437754271765,Coffee Shop,BBQ Joint,American Restaurant,Ice Cream Shop,Burger Joint,Park,Mexican Restaurant,Fast Food Restaurant,Hardware Store,Grocery Store
Lillian,76061,32.5031,-97.1881,152,,,0.0,1.0,0.0,0.0,0.0,0.0,0.0,Mexican Restaurant,Fast Food Restaurant,Convenience Store,Burger Joint,Ice Cream Shop,Coffee Shop,BBQ Joint,American Restaurant,Grocery Store,Hardware Store
Mansfield,76063,32.57,-97.13,61361,92052.0,179600.0,0.07902743466389286,0.4475880899752958,0.07445065661162398,0.2709140553894162,0.10427772721362633,0.011571967234429851,0.01217006891171499,Coffee Shop,Mexican Restaurant,Fast Food Restaurant,BBQ Joint,Ice Cream Shop,American Restaurant,Burger Joint,Park,Supermarket,Taco Place
Maypearl,76064,32.28,-97.02,1883,77500.0,165000.0,0.13144058885383805,0.4942166140904311,0.10830704521556256,0.2292323869610936,0.012618296529968454,0.024185068349106203,0.0,Fast Food Restaurant,Sandwich Place,Grocery Store,Discount Store,Resort,Truck Stop,Scenic Lookout,BBQ Joint,Farm,Café
Midlothian,76065,32.5,-97.0,28986,81793.0,162900.0,0.06990897829482415,0.5585178003985566,0.0938762320245597,0.1980395325039048,0.07195562018635213,0.0044164377659287974,0.003285398825873862,Mexican Restaurant,Grocery Store,Fast Food Restaurant,Burger Joint,Coffee Shop,Italian Restaurant,Pharmacy,Supermarket,Park,Restaurant
Millsap,76066,32.7,-98.0,3142,80088.0,116200.0,0.14341387373343725,0.6200311769290725,0.054559625876851134,0.1406858924395947,0.01480904130943102,0.006235385814497272,0.02026500389711613,Discount Store,Pizza Place,Hotel,Fast Food Restaurant,Burger Joint,Sandwich Place,Mexican Restaurant,American Restaurant,Ice Cream Shop,Gas Station
Nemo,76070,32.24,-97.66,752,56382.0,119600.0,0.16473317865429235,0.33642691415313225,0.12761020881670534,0.29698375870069604,0.07424593967517401,0.0,0.0,American Restaurant,Hotel,Gift Shop,Fast Food Restaurant,Sandwich Place,State / Provincial Park,Grocery Store,Golf Course,General Entertainment,Beer Garden
Pecan Acres,76071,33.01,-97.48,3320,63750.0,110600.0,0.1049097775912715,0.7003776751993286,0.07763323541754091,0.0839278220730172,0.020142677297524128,0.0033571128829206877,0.009651699538396978,Sandwich Place,Discount Store,Pizza Place,Fast Food Restaurant,Pharmacy,Gas Station,Burger Joint,Convenience Store,Mexican Restaurant,Taco Place
Paradise,76073,33.1,-97.7,5327,54109.0,147400.0,0.1063664596273292,0.6796066252587992,0.052795031055900624,0.1265527950310559,0.03467908902691511,0.0,0.0,Discount Store,Fast Food Restaurant,Sandwich Place,BBQ Joint,Convenience Store,Grocery Store,Mexican Restaurant,Gas Station,American Restaurant,Burger Joint
Rainbow,76077,32.28,-97.7,590,91875.0,239400.0,0.17717717717717718,0.4744744744744745,0.03303303303303303,0.3153153153153153,0.0,0.0,0.0,Hotel,American Restaurant,Fast Food Restaurant,Sandwich Place,Gift Shop,Discount Store,Beer Garden,Scenic Lookout,General Entertainment,Campground
Rhome,76078,33.1,-97.5,8572,64280.0,111700.0,0.17637209302325582,0.6052093023255813,0.08186046511627906,0.10474418604651163,0.02493023255813953,0.00037209302325581393,0.006511627906976744,Discount Store,Sandwich Place,Fast Food Restaurant,Mexican Restaurant,Taco Place,Construction & Landscaping,Coffee Shop,Dive Bar,Cajun / Creole Restaurant,Motorcycle Shop
Springtown,76082,33.0,-97.7,17748,58255.0,118100.0,0.15320893649067024,0.6543385490753911,0.060413354531001585,0.0989038574177893,0.0302066772655008,0.0017571751317881348,0.0011714500878587564,Discount Store,Fast Food Restaurant,Grocery Store,Convenience Store,Sandwich Place,Fried Chicken Joint,Construction & Landscaping,Farmers Market,Cajun / Creole Restaurant,Burger Joint
Venus,76084,32.4,-97.1,8327,54599.0,85700.0,0.2387900355871886,0.6040925266903915,0.05711743772241992,0.0695729537366548,0.022419928825622774,0.006405693950177936,0.001601423487544484,Discount Store,Mexican Restaurant,Burger Joint,Grocery Store,Gas Station,Fast Food Restaurant,Italian Restaurant,Convenience Store,Pharmacy,Sandwich Place
Far North - Weatherford,76085,32.8,-97.7,8787,60291.0,131700.0,0.12784743069044674,0.5776090411442698,0.0888221790570369,0.14126787921596326,0.049620342574607096,0.01218435458237683,0.0026487727352993108,Mexican Restaurant,Burger Joint,Sandwich Place,American Restaurant,Fast Food Restaurant,Pizza Place,Ice Cream Shop,Discount Store,Gym / Fitness Center,Grocery Store
Southeast Weatherford,76086,32.76,-97.79,20196,48176.0,117100.0,0.12307926365434352,0.5835235052487449,0.0950098889396014,0.1181347938536437,0.06153963182717176,0.003194888178913738,0.015518028297581013,Mexican Restaurant,American Restaurant,Burger Joint,Sandwich Place,Fast Food Restaurant,Ice Cream Shop,Breakfast Spot,Discount Store,Grocery Store,Hardware Store
South and East Weatherford,76087,32.7,-97.8,24746,74898.0,179100.0,0.08864494806421153,0.5054296506137866,0.0822119924457035,0.22267469310670446,0.07731350330500472,0.013101983002832862,0.010623229461756374,Mexican Restaurant,American Restaurant,Burger Joint,Sandwich Place,Discount Store,Ice Cream Shop,Fast Food Restaurant,Breakfast Spot,Grocery Store,Restaurant
Southlake,76092,32.96,-97.15,26669,173507.0,514400.0,0.01951392584708178,0.2462302643249956,0.05664951806516469,0.4307255632428597,0.17255041097510496,0.05357459641653362,0.020755721128259717,Coffee Shop,Fast Food Restaurant,Mexican Restaurant,Park,Burger Joint,American Restaurant,Supermarket,New American Restaurant,Pizza Place,Italian Restaurant
Rio Vista,76093,32.23,-97.4,2095,59195.0,142100.0,0.17792792792792791,0.7522522522522522,0.020270270270270268,0.03453453453453453,0.015015015015015015,0.0,0.0,American Restaurant,Ice Cream Shop,Pizza Place,Pharmacy,Burger Joint,Park,Discount Store,Fast Food Restaurant,Grocery Store,Bakery
"(Greenway, Upper Westside, Eastchase) - Fort Worth",76102,32.76,-97.33,8111,50177.0,194400.0,0.1916083916083916,0.4411810411810412,0.0588966588966589,0.17715617715617715,0.08733488733488734,0.029059829059829064,0.014763014763014762,Burger Joint,Mexican Restaurant,Grocery Store,Sushi Restaurant,Brewery,Pizza Place,Beer Bar,Seafood Restaurant,Taco Place,Coffee Shop
Meadowbrook - Fort Worth,76103,32.75,-97.27,14572,39513.0,86200.0,0.32554517133956384,0.4618380062305296,0.04672897196261682,0.1054739652870494,0.05017801513128616,0.004005340453938585,0.006230529595015576,Burger Joint,Mexican Restaurant,Seafood Restaurant,Brewery,Grocery Store,Park,Fast Food Restaurant,Taco Place,Coffee Shop,Sushi Restaurant
"(Hillside, Morningside) - Fort Worth",76104,32.73,-97.32,17446,22221.0,55500.0,0.4052917649471849,0.4564660034868218,0.034252897138755,0.06307045431237822,0.03209927186955184,0.003281714695928623,0.005537893549379551,Burger Joint,Mexican Restaurant,Grocery Store,Sushi Restaurant,Pizza Place,Seafood Restaurant,Park,Taco Place,Brewery,Furniture / Home Store
Burchill - Fort Worth,76105,32.72,-97.27,22194,24526.0,49000.0,0.5153504880212955,0.4297249334516415,0.01810115350488021,0.029991126885536824,0.006832298136645962,0.0,0.0,Park,Burger Joint,Mexican Restaurant,Grocery Store,Coffee Shop,Brewery,Sushi Restaurant,Seafood Restaurant,Taco Place,Breakfast Spot
"(Diamond Hill, Far Greater Northside Historical, North Hill Manor) - Fort Worth",76106,32.81,-97.36,35389,31391.0,68600.0,0.530507289794288,0.4048831635710006,0.027411623726782502,0.03210505292590374,0.0038446175354503696,0.0,0.0012482524465747954,Coffee Shop,Mexican Restaurant,Burger Joint,Grocery Store,Sushi Restaurant,Ice Cream Shop,Seafood Restaurant,Brewery,Fast Food Restaurant,Art Museum
"(Arlington Heights, Monticello, West Beyer) - Fort Worth",76107,32.74,-97.38,25917,51370.0,202700.0,0.15148164528969482,0.3499004865103936,0.04229323308270677,0.3048982750995135,0.10128261831048208,0.03681999115435648,0.01332375055285272,Mexican Restaurant,Grocery Store,Sushi Restaurant,Brewery,Seafood Restaurant,Beer Bar,Burger Joint,Pizza Place,Coffee Shop,Liquor Store
White Settlement - Fort Worth,76108,32.78,-97.51,38227,58528.0,113800.0,0.1492277319707351,0.5308326559052375,0.07618162815004065,0.16776990670847367,0.06255564587930168,0.00801300661944025,0.005419424766771185,Mexican Restaurant,Burger Joint,Sushi Restaurant,Thai Restaurant,Grocery Store,Coffee Shop,Park,Fast Food Restaurant,Convenience Store,Seafood Restaurant
TCU Area - Fort Worth,76109,32.7,-97.39,21710,58704.0,312400.0,0.02675076120052196,0.3136146150500217,0.03994490358126722,0.3417427867188633,0.1643468174568653,0.07155284906481077,0.0420472669276497,Mexican Restaurant,Sushi Restaurant,Pizza Place,Burger Joint,Grocery Store,Seafood Restaurant,Park,Coffee Shop,Fast Food Restaurant,Sandwich Place
"(Shaw Clarke, Ryan Place, Fairmont-Southside Historic District) - Fort Worth",76110,32.71,-97.34,30434,39600.0,85000.0,0.3907472125145615,0.3352748654795584,0.0326732124036168,0.14877683474787814,0.06950685083485883,0.015532257169800856,0.007488766849725411,Grocery Store,Mexican Restaurant,Sushi Restaurant,Pizza Place,Brewery,Seafood Restaurant,Burger Joint,Park,Coffee Shop,Art Museum
"(Sylvan Heights West, Scenic Bluff) - Fort Worth",76111,32.78,-97.3,21685,40511.0,80800.0,0.4447039871123641,0.4297221103503826,0.03544099879178413,0.050342327829238816,0.033507853403141365,0.003624647603705195,0.0026580749093838103,Burger Joint,Coffee Shop,Mexican Restaurant,Ice Cream Shop,Sushi Restaurant,Brewery,Taco Place,Seafood Restaurant,Fast Food Restaurant,Furniture / Home Store
"(Ryanwood, Handley) - Fort Worth",76112,32.75,-97.23,38993,36820.0,94800.0,0.21923076923076926,0.5304160125588697,0.0631475667189953,0.12029042386185244,0.04988226059654631,0.007888540031397174,0.009144427001569859,Coffee Shop,American Restaurant,Brewery,Burger Joint,Park,Mexican Restaurant,Fast Food Restaurant,Taco Place,Beer Bar,Seafood Restaurant
"(Fair Oaks, Calloway Park) - Fort Worth",76114,32.78,-97.39,24741,37752.0,81200.0,0.2826297131807928,0.5425072510473735,0.056719303899452136,0.08785046728971962,0.023203351595230418,0.0043184015468901065,0.0027715114405414115,Mexican Restaurant,Sushi Restaurant,Burger Joint,Grocery Store,Brewery,Seafood Restaurant,Coffee Shop,Beer Bar,Art Museum,Pizza Place
"(Southland Terrace, North Greenbriar) - Fort Worth",76115,32.68,-97.33,20696,27806.0,65100.0,0.5150970524802301,0.3660136592379583,0.02812724658519051,0.06182602444284688,0.02453271028037383,0.0020668583752695897,0.002336448598130841,Coffee Shop,Pizza Place,Sushi Restaurant,Grocery Store,Brewery,Mexican Restaurant,Burger Joint,Art Museum,Seafood Restaurant,Sandwich Place
"(Western Hills, Ridglea Hills) - Fort Worth",76116,32.72,-97.46,46746,41573.0,122400.0,0.15341246290801186,0.490702274975272,0.05502802505769865,0.19868117375535774,0.07032640949554897,0.02298054731289153,0.008869106495219254,Mexican Restaurant,Grocery Store,Thai Restaurant,Burger Joint,Sushi Restaurant,Fast Food Restaurant,Art Museum,Coffee Shop,Liquor Store,Convenience Store
Haltom City,76117,32.8,-97.26,30645,39054.0,81900.0,0.3097945134035673,0.5541358089078962,0.048920413059351214,0.061854594763742575,0.02034004380932513,0.0025555439657870037,0.002399082090330656,Fast Food Restaurant,Mexican Restaurant,Burger Joint,Ice Cream Shop,Brewery,Coffee Shop,Park,Italian Restaurant,Sushi Restaurant,Taco Place
Richland Hills,76118,32.8,-97.19,13866,62282.0,126300.0,0.13775307661770544,0.5492258832870187,0.08584755855498212,0.1515482334259627,0.058951965065502175,0.008832870186581977,0.007840412862246923,Park,Fast Food Restaurant,Mexican Restaurant,Coffee Shop,Burger Joint,Italian Restaurant,Pizza Place,Supermarket,Brewery,Grocery Store
"(Echo Heights, Glencrest) - Fort Worth",76119,32.7,-97.26,42761,28660.0,58700.0,0.3483229329173167,0.5309672386895475,0.03252730109204368,0.0656396255850234,0.015210608424336976,0.0061622464898595936,0.001170046801872075,Park,Grocery Store,Coffee Shop,Taco Place,American Restaurant,Burger Joint,Seafood Restaurant,Fast Food Restaurant,Brewery,Art Museum
"(John T White, Cobblestone) - Fort Worth",76120,32.76,-97.17,15283,39714.0,135400.0,0.1437170805116629,0.5719525959367946,0.07477426636568849,0.1508653122648608,0.04430022573363431,0.007242287434161023,0.0071482317531978935,Park,Fast Food Restaurant,Coffee Shop,Mexican Restaurant,American Restaurant,Taco Place,Theme Park Ride / Attraction,Burger Joint,Italian Restaurant,Football Stadium
"(Wedgewood, Stone Meadow) - Fort Worth",76123,32.62,-97.39,29722,81008.0,138900.0,0.08831341301460824,0.4801350154935812,0.07514386896857016,0.22764497565294375,0.09727755644090304,0.015050907481186366,0.016434262948207167,Mexican Restaurant,Pizza Place,Fast Food Restaurant,American Restaurant,Grocery Store,Bookstore,Sandwich Place,Burger Joint,Sushi Restaurant,Liquor Store
Benbrook,76126,32.6,-97.5,19395,76330.0,142900.0,0.06304271090716555,0.4729262266148959,0.0830215319449347,0.25351217790328273,0.10243558065654784,0.013625132368513943,0.011436639604659371,Mexican Restaurant,Coffee Shop,Grocery Store,Fast Food Restaurant,Pizza Place,Convenience Store,Burger Joint,American Restaurant,Thai Restaurant,Park
NAS-JRB - Fort Worth,76127,32.78,-97.42,2003,173500.0,,0.2257676098735701,0.6285370258880193,0.05237808549066828,0.050571944611679714,0.015051173991571343,0.00481637567730283,0.02287778446718844,Mexican Restaurant,Coffee Shop,Burger Joint,Grocery Store,Sushi Restaurant,Thai Restaurant,Ice Cream Shop,Beer Bar,Seafood Restaurant,Brewery
TCU,76129,32.709,-97.363,2833,,,0.0,0.2348993288590604,0.1812080536912752,0.4228187919463087,0.1610738255033557,0.0,0.0,Mexican Restaurant,Sushi Restaurant,Pizza Place,Grocery Store,Park,Burger Joint,Art Museum,Coffee Shop,Taco Place,Liquor Store
"(North Brook, Fossil Creek Estates) - Fort Worth",76131,32.88,-97.35,28374,77413.0,132800.0,0.10749475890985324,0.5268343815513626,0.06729559748427673,0.2366876310272537,0.051886792452830184,0.006708595387840671,0.003092243186582809,Coffee Shop,Fast Food Restaurant,Mexican Restaurant,Supermarket,Burger Joint,Furniture / Home Store,Park,Pet Store,Ice Cream Shop,Pizza Place
"(Quail Ridge Estates, Huken Bend Estates) - Fort Worth",76132,32.66,-97.42,24709,49437.0,232400.0,0.05238738474188055,0.4186879661713749,0.04510483349973572,0.2947084042990544,0.11593351735478945,0.04663182005050802,0.026546073882656958,Mexican Restaurant,Pizza Place,Burger Joint,Grocery Store,Fast Food Restaurant,Sandwich Place,Sushi Restaurant,American Restaurant,Trail,Liquor Store
Wedgewood - Fort Worth,76133,32.66,-97.38,48394,51123.0,106800.0,0.12690525545665166,0.5638031947323497,0.060815754176319965,0.16494939641507134,0.06487013778807463,0.009572003414217779,0.009084258017314963,Coffee Shop,Mexican Restaurant,Pizza Place,Fast Food Restaurant,Burger Joint,Grocery Store,Sushi Restaurant,Liquor Store,Park,Deli / Bodega
"(Willow Creek, South Greenbriar, Highland Hills) - Fort Worth",76134,32.64,-97.33,23704,48534.0,92700.0,0.15944410214280824,0.6052577531320601,0.07044567673033478,0.11001574587526528,0.03601013212843157,0.0073937153419593345,0.011432874649140824,Mexican Restaurant,Coffee Shop,Fast Food Restaurant,Pizza Place,American Restaurant,Grocery Store,Burger Joint,Convenience Store,Sushi Restaurant,BBQ Joint
"(Lakeland, Lake Worth, Lakeside) - Fort Worth",76135,32.84,-97.47,20684,52945.0,115400.0,0.1305900842977568,0.6015859408486927,0.07851121588798401,0.12337476782397486,0.05400771538791256,0.008572653236176597,0.0033576225175025003,Mexican Restaurant,Burger Joint,Grocery Store,Fast Food Restaurant,BBQ Joint,Convenience Store,Sushi Restaurant,Art Museum,Coffee Shop,American Restaurant
"(Summerfields, Summerbrook) - Fort Worth",76137,32.85,-97.29,54911,66306.0,137000.0,0.08323140717759017,0.5212553324781479,0.08523015423167568,0.23167566600041764,0.058082992750812926,0.009337430267593448,0.01118701709376212,Coffee Shop,Supermarket,Fast Food Restaurant,Burger Joint,Mexican Restaurant,Park,Pet Store,Ice Cream Shop,Convenience Store,Furniture / Home Store
"(Quail Run, Hamlet, Garden Acres) - Fort Worth",76140,32.62,-97.27,26340,50739.0,90200.0,0.19550520738169194,0.5930933674401608,0.07205067300079178,0.10140690663255984,0.029478043729825206,0.008465801814970461,0.0,American Restaurant,Mexican Restaurant,Grocery Store,Fast Food Restaurant,Burger Joint,Pizza Place,Coffee Shop,BBQ Joint,Brewery,Ice Cream Shop
Watauga,76148,32.87,-97.25,23331,59394.0,98900.0,0.12116836232359697,0.6305218247456514,0.08322940597308827,0.12878240892681325,0.028027568099770264,0.0074827699376435845,0.0007876599934361668,Fast Food Restaurant,Coffee Shop,Burger Joint,Supermarket,Pet Store,Ice Cream Shop,Mexican Restaurant,Grocery Store,Fried Chicken Joint,Italian Restaurant
DFW Airport Area - Fort Worth,76155,32.81,-97.05,3115,45675.0,,0.07840991976659373,0.487964989059081,0.03938730853391685,0.28227571115973743,0.0973741794310722,0.011670313639679068,0.002917578409919766,Fast Food Restaurant,American Restaurant,Coffee Shop,Mexican Restaurant,Sandwich Place,Burger Joint,Park,Golf Course,Bakery,Cajun / Creole Restaurant
"(Northside, Marine Park) - Fort Worth",76164,32.78,-97.36,16748,34574.0,69800.0,0.5965782055020901,0.34072129872654805,0.020316904831340528,0.03334305434042967,0.005249343832020997,0.0026246719160104987,0.0011665208515602215,Mexican Restaurant,Burger Joint,Sushi Restaurant,Coffee Shop,Grocery Store,Pizza Place,Beer Bar,Seafood Restaurant,Brewery,Taco Place
"(Texas Motor Speedway, Elizabethtown) - Fort Worth",76177,32.97,-97.29,4891,81755.0,171300.0,0.026204819277108438,0.4635542168674699,0.07680722891566265,0.2822289156626506,0.11686746987951807,0.03433734939759036,0.0,Coffee Shop,Supermarket,Fast Food Restaurant,Burger Joint,Mexican Restaurant,Fried Chicken Joint,Furniture / Home Store,Park,Pet Store,Ice Cream Shop
"(Saginaw, Eagle Mountain) - Fort Worth",76179,32.9,-97.4,48058,75472.0,138800.0,0.08580435425081273,0.5591238958394904,0.08442517978524282,0.18756772731750568,0.06334351295438873,0.011197583160936523,0.008537746691623157,Burger Joint,Fast Food Restaurant,Coffee Shop,Mexican Restaurant,Supermarket,Sandwich Place,Ice Cream Shop,Furniture / Home Store,Pizza Place,Café
North Richland Hills - Fort Worth,76180,32.84,-97.22,33444,52086.0,132900.0,0.1024570133736171,0.5424978895454747,0.09157151108544008,0.19625005553827696,0.056338028169014086,0.006886746345581374,0.003998755942595637,Burger Joint,Fast Food Restaurant,Coffee Shop,Mexican Restaurant,Supermarket,Park,Ice Cream Shop,Italian Restaurant,Grocery Store,Brewery
Smithfield - Fort Worth,76182,32.89,-97.21,28209,82038.0,165400.0,0.06000801442596674,0.5069124423963134,0.08430174313764778,0.24408936084952915,0.08540372670807453,0.009166499699459029,0.010118212783009416,Coffee Shop,Fast Food Restaurant,Burger Joint,Supermarket,Park,Mexican Restaurant,Italian Restaurant,Pizza Place,Ice Cream Shop,Pet Store
West Denton,76201,33.22,-97.15,27107,22342.0,126300.0,0.09108140462889068,0.4240822027134876,0.03172386272944932,0.2760375099760575,0.12978850758180366,0.01067438148443735,0.0366121308858739,Fast Food Restaurant,Coffee Shop,Burger Joint,BBQ Joint,Mexican Restaurant,Park,Pizza Place,Supermarket,Breakfast Spot,Bakery
South Denton,76205,33.19,-97.13,18510,41371.0,168700.0,0.16439780676876534,0.4082057099640764,0.06693136698808849,0.19984874267347325,0.09699376063528076,0.01994705993571564,0.04367555303460011,Coffee Shop,Fast Food Restaurant,Burger Joint,Mexican Restaurant,BBQ Joint,Park,Pizza Place,Bakery,Supermarket,Fried Chicken Joint
"(North Lakes Park, Denton Airport) - Denton",76207,33.2,-97.2,10579,61377.0,157900.0,0.07694373573250972,0.49832147173358393,0.07358667919967772,0.2376796025245065,0.06928964683765275,0.007116959849603867,0.03706190412246542,Coffee Shop,Fast Food Restaurant,Park,Pizza Place,Mexican Restaurant,BBQ Joint,Burger Joint,Bakery,Breakfast Spot,Supermarket
Far East Denton,76208,33.21,-97.07,19782,70890.0,171100.0,0.1244062244062244,0.4445536445536445,0.06478296478296479,0.2371007371007371,0.08607698607698608,0.013923013923013924,0.029156429156429155,Fast Food Restaurant,Coffee Shop,Mexican Restaurant,BBQ Joint,Park,Breakfast Spot,Supermarket,Burger Joint,Pizza Place,Bookstore
Northeast Denton,76209,33.23,-97.11,24018,48237.0,113600.0,0.18570436320010106,0.4481909452547831,0.06371156153311865,0.17383342804824145,0.09982951316537222,0.007387762833870052,0.02134242596451348,Fast Food Restaurant,Coffee Shop,BBQ Joint,Burger Joint,Mexican Restaurant,Park,Pizza Place,Bakery,Supermarket,Breakfast Spot
Corinth - Denton,76210,33.15,-97.1,39556,80407.0,163700.0,0.05505318089471378,0.4489503246623909,0.10229853005616857,0.26331514161653985,0.10186033541807753,0.007449308847548102,0.02107317850456121,Mexican Restaurant,Coffee Shop,Pizza Place,BBQ Joint,Supermarket,Fast Food Restaurant,New American Restaurant,Bookstore,American Restaurant,Park
Lantana,76226,33.12,-97.17,18419,116101.0,309100.0,0.037352660082828934,0.36779229053838797,0.056387384517362214,0.3884198789423383,0.10552723797387704,0.028273335457151962,0.016247212488053518,Coffee Shop,Pizza Place,Fast Food Restaurant,Mexican Restaurant,BBQ Joint,Bookstore,Breakfast Spot,Brewery,American Restaurant,Burger Joint
Aubrey,76227,33.3,-97.0,22141,77386.0,155400.0,0.057546447707188086,0.5193793055458911,0.08426692644909888,0.2516874260663837,0.07069793333797231,0.010089764108273606,0.006332196785192402,Pizza Place,Fast Food Restaurant,Coffee Shop,American Restaurant,Breakfast Spot,Mexican Restaurant,Fried Chicken Joint,Burger Joint,Bakery,Taco Place
Decatur,76234,33.3,-97.5,15587,58848.0,145200.0,0.15998018821198612,0.5644378405151065,0.04447746409113423,0.1721644378405151,0.0420009905894007,0.009707776126795443,0.007231302625061912,Steakhouse,Mexican Restaurant,BBQ Joint,Gas Station,Sandwich Place,Discount Store,Coffee Shop,Pizza Place,Stables,Breakfast Spot
Keller - Fort Worth,76244,32.93,-97.28,60388,93705.0,174300.0,0.045587597571552466,0.44479076322636607,0.07439830875975716,0.3253740242844753,0.09296400693842152,0.011003902862098873,0.005881396357328708,Supermarket,Coffee Shop,Burger Joint,Fast Food Restaurant,Ice Cream Shop,Fried Chicken Joint,Pizza Place,Mexican Restaurant,Pet Store,Park
Justin - Fort Worth,76247,33.1,-97.3,13098,77968.0,137000.0,0.12276214833759592,0.5704542686639873,0.07794422116672756,0.15783704786262331,0.061746437705516986,0.006941907197661672,0.0023139690658872244,American Restaurant,Clothing Store,BBQ Joint,Coffee Shop,Racetrack,Mexican Restaurant,Convenience Store,Burger Joint,Italian Restaurant,Fast Food Restaurant
Keller,76248,32.93,-97.22,34647,111606.0,272800.0,0.033454322823282465,0.3770936283727642,0.0606550924913631,0.3539161236716666,0.13136834740018366,0.026413609131062228,0.0170988761096777,Supermarket,Coffee Shop,Mexican Restaurant,Italian Restaurant,Fast Food Restaurant,Pizza Place,Grocery Store,Burger Joint,Park,Sushi Restaurant
Krum,76249,33.3,-97.3,7194,75250.0,144500.0,0.09148338792700046,0.589143659335517,0.0814225549836219,0.1930276087973795,0.03369209171736079,0.006551240056153486,0.004679457182966776,Fast Food Restaurant,Sandwich Place,Discount Store,American Restaurant,Burger Joint,Steakhouse,Ice Cream Shop,Mexican Restaurant,Antique Shop,Fried Chicken Joint
Pilot Point,76258,33.4,-96.9,6659,53438.0,153900.0,0.2347087378640777,0.4961165048543689,0.048786407766990295,0.14684466019417475,0.07354368932038835,0.0,0.0,Fast Food Restaurant,Discount Store,American Restaurant,Pizza Place,Mexican Restaurant,Italian Restaurant,Café,BBQ Joint,Campground,Convenience Store
Ponder,76259,33.21,-97.3,4618,76021.0,138200.0,0.11866581141757535,0.6286080821039127,0.08915971776779986,0.12123155869146887,0.03463758819756254,0.0012828736369467607,0.006414368184733804,Pizza Place,Burger Joint,Sandwich Place,Mexican Restaurant,Discount Store,American Restaurant,Convenience Store,Breakfast Spot,Brewery,Fast Food Restaurant
Trophy Club,76262,33.01,-97.23,27648,88114.0,229600.0,0.018088376076988967,0.4194084748324684,0.08046556154582557,0.3372298080314405,0.12027006600493775,0.012797903965334813,0.011739809543003979,Mexican Restaurant,Supermarket,Coffee Shop,Burger Joint,Pizza Place,Italian Restaurant,Fast Food Restaurant,Grocery Store,Pharmacy,Fried Chicken Joint
Sanger,76266,33.4,-97.2,13495,63416.0,135700.0,0.09338267305180672,0.6065520243796256,0.09545058772311713,0.1495428820200261,0.041793643883326084,0.009251197213757074,0.004026991728341315,Sandwich Place,Discount Store,Mexican Restaurant,American Restaurant,Ice Cream Shop,Convenience Store,Trail,Lake,Campground,Steakhouse
Bridgeport,76426,33.2,-97.8,11302,52328.0,119300.0,0.21609353507565335,0.584181568088033,0.052269601100412656,0.1171939477303989,0.025171939477303992,0.002751031636863824,0.0023383768913342504,Fast Food Restaurant,Discount Store,Sandwich Place,Gas Station,Campground,BBQ Joint,Mexican Restaurant,Pizza Place,Golf Course,Auto Garage
Chico,76431,33.3,-97.9,3384,51941.0,111700.0,0.1465555068012286,0.7634927599824485,0.022817025010969726,0.04826678367705134,0.014041246160596751,0.004826678367705135,0.0,Campground,Fast Food Restaurant,Discount Store,Sandwich Place,Mexican Restaurant,Gas Station,Construction & Landscaping,Auto Garage,Pizza Place,Convenience Store
Lipan,76462,32.5,-98.1,2982,59375.0,148900.0,0.11296472831267874,0.6482364156339371,0.041944709246901815,0.14013346043851288,0.045757864632983786,0.0,0.0109628217349857,Convenience Store,Furniture / Home Store,American Restaurant,Food & Drink Shop,Gas Station,Taco Place,BBQ Joint,Sandwich Place,Travel & Transport,Other Great Outdoors
Tolar,76476,32.4,-97.9,2637,62974.0,128400.0,0.09169363538295576,0.668824163969795,0.041531823085221145,0.15911542610571736,0.028047464940668825,0.010787486515641856,0.0,American Restaurant,Mexican Restaurant,Italian Restaurant,Discount Store,Fast Food Restaurant,Pizza Place,Hardware Store,BBQ Joint,Sandwich Place,Steakhouse
Avalon,76623,32.3,-96.8,242,41250.0,80700.0,0.4105263157894737,0.5368421052631579,0.0,0.05263157894736842,0.0,0.0,0.0,Mexican Restaurant,Fast Food Restaurant,Burger Joint,Grocery Store,Ice Cream Shop,Sandwich Place,Hardware Store,BBQ Joint,Italian Restaurant,Gas Station
Italy,76651,32.2,-96.9,3300,50457.0,90300.0,0.2247191011235955,0.5887640449438202,0.048988764044943824,0.10606741573033708,0.029662921348314605,0.0017977528089887641,0.0,Fast Food Restaurant,Grocery Store,Breakfast Spot,Airport,Sandwich Place,Gas Station,Bus Station,Clothing Store,Travel & Transport,Truck Stop
Milford,76670,32.1,-97.0,1377,49667.0,86700.0,0.19217491369390105,0.6605293440736478,0.036823935558112766,0.1001150747986191,0.005753739930955121,0.004602991944764097,0.0,Fast Food Restaurant,Clothing Store,Restaurant,Hotel,Discount Store,Gas Station,Sandwich Place,Truck Stop,Breakfast Spot,Ice Cream Shop
