Neighborhood,1st Most Common Venue,2nd Most Common Venue,3rd Most Common Venue,4th Most Common Venue,5th Most Common Venue,6th Most Common Venue,7th Most Common Venue,8th Most Common Venue,9th Most Common Venue,10th Most Common Venue
 North Humble,Pharmacy,Discount Store,Grocery Store,Shipping Store,Pet Store,Supermarket,Convenience Store,Sporting Goods Shop,Big Box Store,Electronics Store
"Addicks, Park Ten",Grocery Store,Supermarket,Pharmacy,Liquor Store,Big Box Store,Shopping Mall,Warehouse Store,Convenience Store,Sporting Goods Shop,Discount Store
Aldine,Pharmacy,Grocery Store,Supermarket,Big Box Store,Discount Store,Shipping Store,Pet Store,Paper / Office Supplies Store,Department Store,Liquor Store
Alief,Grocery Store,Supermarket,Shopping Mall,Big Box Store,Warehouse Store,Liquor Store,Pharmacy,Sporting Goods Shop,Department Store,Wine Shop
Alvin,Home Service,Construction & Landscaping,Mobile Phone Shop,Grocery Store,Discount Store,Business Service,Video Store,Convenience Store,Furniture / Home Store,Insurance Office
Anahuac,Discount Store,Insurance Office,Grocery Store,Lawyer,Convenience Store,Massage Studio,Shipping Store,Market,Dry Cleaner,Business Service
Angleton,Home Service,Insurance Office,Construction & Landscaping,Business Service,Video Store,Lawyer,Pharmacy,Discount Store,Furniture / Home Store,Convenience Store
"Astrodome, South Main",Grocery Store,Pharmacy,Supermarket,Big Box Store,Shopping Mall,Liquor Store,Pet Store,Warehouse Store,Wine Shop,Smoothie Shop
Atascocita,Pharmacy,Discount Store,Grocery Store,Shipping Store,Convenience Store,Supermarket,Pet Store,Sporting Goods Shop,Mobile Phone Shop,Furniture / Home Store
Bacliff,Pharmacy,Discount Store,Supermarket,Grocery Store,Convenience Store,Liquor Store,Furniture / Home Store,Big Box Store,Electronics Store,Smoothie Shop
Beasley,Construction & Landscaping,Business Service,Home Service,Other Repair Shop,Garden Center,Discount Store,Gift Shop,Flower Shop,Market,Mobile Phone Shop
Bellaire,Grocery Store,Supermarket,Pharmacy,Shopping Mall,Liquor Store,Big Box Store,Wine Shop,Pet Store,Warehouse Store,Department Store
Bellville,Construction & Landscaping,Grocery Store,Clothing Store,Health & Beauty Service,Video Store,Discount Store,Shipping Store,Home Service,Insurance Office,Lawyer
Bleiblerville,Construction & Landscaping,Optical Shop,Business Service,Insurance Office,Cosmetics Shop,Video Store,Home Service,Discount Store,Convenience Store,Mobile Phone Shop
"Boulevard Oaks, Crowne Plaza",Grocery Store,Supermarket,Pharmacy,Shopping Mall,Liquor Store,Big Box Store,Pet Store,Wine Shop,Department Store,Warehouse Store
"Braeburn, Braes Timbers, Robindell",Grocery Store,Supermarket,Shopping Mall,Big Box Store,Liquor Store,Warehouse Store,Pharmacy,Wine Shop,Sporting Goods Shop,Department Store
"Braeswood Place, Willowbend Area",Grocery Store,Supermarket,Pharmacy,Shopping Mall,Big Box Store,Liquor Store,Warehouse Store,Wine Shop,Pet Store,Smoothie Shop
"Brays Oaks, Braeburn Gardens",Grocery Store,Supermarket,Shopping Mall,Liquor Store,Big Box Store,Warehouse Store,Wine Shop,Pharmacy,Sporting Goods Shop,Pet Store
"Brays Oaks, Fondren Park",Grocery Store,Supermarket,Shopping Mall,Big Box Store,Warehouse Store,Liquor Store,Pharmacy,Wine Shop,Sporting Goods Shop,Department Store
Brazoria,Clothing Store,Convenience Store,Shoe Store,Insurance Office,Construction & Landscaping,Discount Store,Pharmacy,Mobile Phone Shop,Optical Shop,Department Store
"Briar Forest, Eldridge",Grocery Store,Supermarket,Big Box Store,Pharmacy,Warehouse Store,Shopping Mall,Liquor Store,Sporting Goods Shop,Discount Store,Food Service
"Briarforest, Westchase, Walnut Bend",Grocery Store,Supermarket,Big Box Store,Shopping Mall,Pharmacy,Warehouse Store,Liquor Store,Wine Shop,Sporting Goods Shop,Gourmet Shop
Brookshire,Home Service,Construction & Landscaping,Convenience Store,Grocery Store,Business Service,Furniture / Home Store,Insurance Office,Discount Store,Auto Workshop,Flower Shop
Central Baytown,Pharmacy,Convenience Store,Discount Store,Grocery Store,Home Service,Supermarket,Mobile Phone Shop,Big Box Store,Business Service,Shipping Store
Central Northwest,Grocery Store,Supermarket,Pharmacy,Shopping Mall,Liquor Store,Big Box Store,Pet Store,Wine Shop,Shipping Store,Warehouse Store
Central Pasadena,Pharmacy,Discount Store,Grocery Store,Supermarket,Convenience Store,Big Box Store,Sporting Goods Shop,Food Service,Pet Store,Liquor Store
Central Richmond,Pharmacy,Grocery Store,Discount Store,Supermarket,Big Box Store,Cosmetics Shop,Pet Store,Sporting Goods Shop,Department Store,Electronics Store
Central Southwest,Grocery Store,Supermarket,Pharmacy,Shopping Mall,Big Box Store,Liquor Store,Warehouse Store,Pet Store,Discount Store,Wine Shop
Champions,Grocery Store,Pharmacy,Supermarket,Big Box Store,Food Service,Liquor Store,Market,Sporting Goods Shop,Electronics Store,Warehouse Store
"Champions Point, Glennwood Forest, Kleinbrook",Grocery Store,Pharmacy,Supermarket,Food Service,Big Box Store,Warehouse Store,Liquor Store,Sporting Goods Shop,Convenience Store,Electronics Store
Channelview,Discount Store,Pharmacy,Convenience Store,Grocery Store,Supermarket,Smoothie Shop,Big Box Store,Department Store,Paper / Office Supplies Store,Furniture / Home Store
"Chinatown, Sharpstown",Grocery Store,Supermarket,Shopping Mall,Big Box Store,Liquor Store,Warehouse Store,Pharmacy,Wine Shop,Sporting Goods Shop,Department Store
"Clear Lake Area, Bay Knoll",Pharmacy,Grocery Store,Supermarket,Discount Store,Big Box Store,Sporting Goods Shop,Pet Store,Food Service,Liquor Store,Department Store
"Clear Lake Area, Nassau Bay",Pharmacy,Grocery Store,Supermarket,Discount Store,Pet Store,Sporting Goods Shop,Liquor Store,Big Box Store,Food Service,Furniture / Home Store
"Clear Lake Area, Pinebrook, Brookwood",Pharmacy,Grocery Store,Supermarket,Discount Store,Sporting Goods Shop,Liquor Store,Big Box Store,Pet Store,Furniture / Home Store,Food Service
"Cloverland, South Acres, Crestmont Park",Grocery Store,Pharmacy,Supermarket,Liquor Store,Sporting Goods Shop,Pet Store,Big Box Store,Warehouse Store,Shopping Mall,Shipping Store
Cloverleaf,Discount Store,Pharmacy,Convenience Store,Grocery Store,Supermarket,Department Store,Big Box Store,Clothing Store,Smoothie Shop,Mobile Phone Shop
Clute,Construction & Landscaping,Home Service,Discount Store,Furniture / Home Store,Convenience Store,Pharmacy,Business Service,Insurance Office,Department Store,Clothing Store
"Copperfield, Canyon Lakes",Grocery Store,Pharmacy,Supermarket,Big Box Store,Warehouse Store,Liquor Store,Convenience Store,Pet Store,Food Service,Sporting Goods Shop
Crosby,Construction & Landscaping,Grocery Store,Discount Store,Business Service,Pharmacy,Video Store,Shoe Store,Big Box Store,Convenience Store,Cosmetics Shop
Cypress Station,Grocery Store,Pharmacy,Supermarket,Food Service,Convenience Store,Electronics Store,Liquor Store,Market,Warehouse Store,Big Box Store
Daisetta,Discount Store,Construction & Landscaping,Furniture / Home Store,Insurance Office,Business Service,Mobile Phone Shop,Video Store,Shoe Store,Flower Shop,Pharmacy
Danbury,Insurance Office,Home Service,Mobile Phone Shop,Business Service,Construction & Landscaping,Lawyer,Video Store,Convenience Store,Discount Store,Pharmacy
Dayton,Business Service,Construction & Landscaping,Insurance Office,Furniture / Home Store,Grocery Store,Video Store,Discount Store,Home Service,Convenience Store,Cosmetics Shop
Deer Park,Pharmacy,Discount Store,Convenience Store,Grocery Store,Supermarket,Department Store,Mobile Phone Shop,Pet Store,Sporting Goods Shop,Smoothie Shop
Dickinson,Pharmacy,Discount Store,Supermarket,Grocery Store,Liquor Store,Big Box Store,Convenience Store,Pet Store,Furniture / Home Store,Sporting Goods Shop
"Downtown, Midtown",Grocery Store,Pharmacy,Supermarket,Liquor Store,Big Box Store,Pet Store,Shopping Mall,Warehouse Store,Sporting Goods Shop,Department Store
East Baytown,Discount Store,Mobile Phone Shop,Pharmacy,Grocery Store,Home Service,Business Service,Furniture / Home Store,Construction & Landscaping,Convenience Store,Shipping Store
East Conroe,Pharmacy,Grocery Store,Shipping Store,Supermarket,Discount Store,Furniture / Home Store,Clothing Store,Convenience Store,Sporting Goods Shop,Cosmetics Shop
East Cypress,Pharmacy,Grocery Store,Supermarket,Liquor Store,Big Box Store,Pet Store,Warehouse Store,Convenience Store,Furniture / Home Store,Sporting Goods Shop
East Downtown,Grocery Store,Pharmacy,Supermarket,Pet Store,Liquor Store,Shopping Mall,Sporting Goods Shop,Big Box Store,Shipping Store,Warehouse Store
East End - Galveston,Lawyer,Convenience Store,Discount Store,Mobile Phone Shop,Clothing Store,Pharmacy,Gift Shop,Boutique,Women's Store,Sporting Goods Shop
East Houston,Pharmacy,Discount Store,Grocery Store,Supermarket,Convenience Store,Flower Shop,Smoothie Shop,Big Box Store,Mobile Phone Shop,Furniture / Home Store
"East Little York, Homestead",Pharmacy,Supermarket,Grocery Store,Discount Store,Liquor Store,Convenience Store,Shipping Store,Smoothie Shop,Pet Store,Electronics Store
East Magnolia,Construction & Landscaping,Pharmacy,Convenience Store,Grocery Store,Home Service,Discount Store,Big Box Store,Supermarket,Business Service,Shipping Store
East Pearland,Pharmacy,Grocery Store,Supermarket,Sporting Goods Shop,Discount Store,Big Box Store,Pet Store,Food Service,Liquor Store,Furniture / Home Store
East Santa Fe,Pharmacy,Discount Store,Clothing Store,Business Service,Grocery Store,Home Service,Shoe Store,Furniture / Home Store,Locksmith,Optical Shop
East Spring,Grocery Store,Pharmacy,Department Store,Supermarket,Sporting Goods Shop,Warehouse Store,Market,Smoothie Shop,Big Box Store,Liquor Store
East Texas City,Pharmacy,Discount Store,Grocery Store,Convenience Store,Supermarket,Big Box Store,Clothing Store,Business Service,Pet Store,Smoothie Shop
East Willis,Construction & Landscaping,Home Service,Business Service,Video Store,Pharmacy,Convenience Store,Furniture / Home Store,Insurance Office,Discount Store,Department Store
East Woodlands - Conroe,Grocery Store,Pharmacy,Supermarket,Pet Store,Department Store,Big Box Store,Cosmetics Shop,Liquor Store,Furniture / Home Store,Sporting Goods Shop
"Eastex, Jenson",Pharmacy,Grocery Store,Supermarket,Discount Store,Pet Store,Liquor Store,Big Box Store,Shipping Store,Department Store,Flower Shop
Edgebrook,Pharmacy,Grocery Store,Discount Store,Supermarket,Big Box Store,Sporting Goods Shop,Electronics Store,Pet Store,Food Service,Liquor Store
Energy Corridor,Supermarket,Grocery Store,Big Box Store,Pharmacy,Shopping Mall,Liquor Store,Warehouse Store,Wine Shop,Convenience Store,Pet Store
"Fairbanks, Northwest Crossing",Supermarket,Grocery Store,Pharmacy,Big Box Store,Warehouse Store,Sporting Goods Shop,Liquor Store,Wine Shop,Convenience Store,Discount Store
"Fallbrook, Forestwood",Pharmacy,Supermarket,Grocery Store,Discount Store,Big Box Store,Shipping Store,Warehouse Store,Liquor Store,Convenience Store,Pet Store
Far East Conroe,Home Service,Construction & Landscaping,Convenience Store,Grocery Store,Discount Store,Pharmacy,Lawyer,Business Service,Department Store,Video Store
"Fondren Gardens, Corithian Pointe, Winchester",Grocery Store,Supermarket,Big Box Store,Shopping Mall,Warehouse Store,Pharmacy,Liquor Store,Wine Shop,Pet Store,Discount Store
"Forest Lake, Langwood",Grocery Store,Supermarket,Liquor Store,Pharmacy,Shopping Mall,Big Box Store,Warehouse Store,Wine Shop,Smoothie Shop,Beer Store
Freeport,Construction & Landscaping,Home Service,Grocery Store,Convenience Store,Video Store,Pharmacy,Business Service,Discount Store,Mobile Phone Shop,Shipping Store
Fresno,Pharmacy,Grocery Store,Discount Store,Supermarket,Liquor Store,Sporting Goods Shop,Big Box Store,Shipping Store,Convenience Store,Furniture / Home Store
Friendswood,Pharmacy,Supermarket,Grocery Store,Sporting Goods Shop,Big Box Store,Discount Store,Pet Store,Food Service,Liquor Store,Department Store
Galena Park,Pharmacy,Discount Store,Grocery Store,Supermarket,Big Box Store,Convenience Store,Shipping Store,Sporting Goods Shop,Liquor Store,Pet Store
George R Brown,Grocery Store,Pharmacy,Supermarket,Liquor Store,Big Box Store,Pet Store,Shopping Mall,Sporting Goods Shop,Department Store,Shipping Store
"Golfcrest, Bellfort, Reveille",Grocery Store,Pharmacy,Supermarket,Pet Store,Big Box Store,Shopping Mall,Liquor Store,Convenience Store,Beer Store,Sporting Goods Shop
"Greater East End, Second ward, Magnolia Park",Grocery Store,Pharmacy,Supermarket,Pet Store,Liquor Store,Shopping Mall,Big Box Store,Sporting Goods Shop,Smoothie Shop,Shipping Store
"Greater Eastwood, Lawndale, Wayside, Gulfgate, Pine Valley",Grocery Store,Pharmacy,Supermarket,Pet Store,Liquor Store,Shopping Mall,Big Box Store,Sporting Goods Shop,Warehouse Store,Wine Shop
"Greater Fifth Ward, Denver Harbor, Port Houston",Pharmacy,Grocery Store,Supermarket,Pet Store,Liquor Store,Shopping Mall,Department Store,Big Box Store,Warehouse Store,Sporting Goods Shop
Greater Hobby Area,Pharmacy,Grocery Store,Supermarket,Sporting Goods Shop,Discount Store,Big Box Store,Pet Store,Convenience Store,Liquor Store,Food Service
Greater Inwood,Grocery Store,Supermarket,Liquor Store,Pharmacy,Shopping Mall,Pet Store,Warehouse Store,Big Box Store,Wine Shop,Sporting Goods Shop
Greater OST,Grocery Store,Pharmacy,Supermarket,Liquor Store,Big Box Store,Pet Store,Shopping Mall,Wine Shop,Department Store,Warehouse Store
"Greenbriar Colony, Aldine Estates",Pharmacy,Discount Store,Grocery Store,Supermarket,Electronics Store,Convenience Store,Pet Store,Shipping Store,Food Service,Big Box Store
Greenspoint,Pharmacy,Grocery Store,Supermarket,Shipping Store,Discount Store,Convenience Store,Electronics Store,Warehouse Store,Big Box Store,Sporting Goods Shop
"Greenway, Upper Kirby",Grocery Store,Supermarket,Pharmacy,Shopping Mall,Liquor Store,Big Box Store,Pet Store,Wine Shop,Department Store,Warehouse Store
Gulfton,Grocery Store,Supermarket,Shopping Mall,Pharmacy,Liquor Store,Big Box Store,Pet Store,Warehouse Store,Wine Shop,Department Store
Guy,Discount Store,Convenience Store,Construction & Landscaping,Home Service,Other Repair Shop,Business Service,Grocery Store,Furniture / Home Store,Electronics Store,Pet Store
Hankamer,Discount Store,Insurance Office,Grocery Store,Construction & Landscaping,Dry Cleaner,Convenience Store,Market,Rental Service,Shipping Store,Business Service
Hardin,Construction & Landscaping,Discount Store,Business Service,Video Store,Furniture / Home Store,Insurance Office,Mobile Phone Shop,Electronics Store,Shoe Store,Cosmetics Shop
"Harrisburg, Manchester",Pharmacy,Grocery Store,Supermarket,Discount Store,Pet Store,Big Box Store,Sporting Goods Shop,Liquor Store,Furniture / Home Store,Flower Shop
"Harvest Bend, North Houston",Grocery Store,Pharmacy,Supermarket,Big Box Store,Warehouse Store,Discount Store,Sporting Goods Shop,Food Service,Pet Store,Liquor Store
Hempstead,Construction & Landscaping,Video Store,Business Service,Home Service,Mobile Phone Shop,Lawyer,Grocery Store,Convenience Store,Pharmacy,Gift Shop
"Heritage Village, Green Oak Park",Pharmacy,Grocery Store,Supermarket,Discount Store,Big Box Store,Warehouse Store,Convenience Store,Liquor Store,Shipping Store,Pet Store
"High Meadows, Fairgreen",Pharmacy,Grocery Store,Discount Store,Supermarket,Convenience Store,Shipping Store,Warehouse Store,Electronics Store,Pet Store,Food Service
Highlands,Pharmacy,Discount Store,Convenience Store,Grocery Store,Big Box Store,Supermarket,Mobile Phone Shop,Sporting Goods Shop,Smoke Shop,Cosmetics Shop
Hitchcock,Discount Store,Business Service,Grocery Store,Convenience Store,Clothing Store,Pharmacy,Construction & Landscaping,Mobile Phone Shop,Home Service,Furniture / Home Store
"Hobby, Glenbrook Valley",Pharmacy,Grocery Store,Supermarket,Discount Store,Big Box Store,Sporting Goods Shop,Liquor Store,Shipping Store,Pet Store,Warehouse Store
Hockley,Construction & Landscaping,Clothing Store,Discount Store,Pharmacy,Home Service,Business Service,Convenience Store,Shoe Store,Boutique,Furniture / Home Store
"Houston Farms, Sheldon Park",Discount Store,Pharmacy,Convenience Store,Grocery Store,Supermarket,Big Box Store,Print Shop,Department Store,Furniture / Home Store,Pet Store
Huffman,Discount Store,Pharmacy,Grocery Store,Home Service,Shipping Store,Supermarket,Construction & Landscaping,Convenience Store,Big Box Store,Pet Store
Hull,Discount Store,Business Service,Mobile Phone Shop,Flower Shop,Big Box Store,Other Repair Shop,Electronics Store,Motorcycle Shop,Construction & Landscaping,Pharmacy
"Huntington Village, Alief",Grocery Store,Supermarket,Shopping Mall,Liquor Store,Big Box Store,Warehouse Store,Pharmacy,Sporting Goods Shop,Wine Shop,Pet Store
Independence Heights,Grocery Store,Pharmacy,Supermarket,Pet Store,Liquor Store,Sporting Goods Shop,Shopping Mall,Big Box Store,Warehouse Store,Convenience Store
"Inwood, Acres Homes",Grocery Store,Supermarket,Pharmacy,Shopping Mall,Big Box Store,Warehouse Store,Pet Store,Liquor Store,Shipping Store,Department Store
Jacinto City,Pharmacy,Grocery Store,Supermarket,Discount Store,Convenience Store,Pet Store,Shipping Store,Smoothie Shop,Flower Shop,Liquor Store
Kashmere Gardens,Pharmacy,Grocery Store,Supermarket,Pet Store,Shopping Mall,Liquor Store,Department Store,Discount Store,Big Box Store,Sporting Goods Shop
"Kellys Corner, Quail Bridge, Ridgegate",Grocery Store,Pharmacy,Supermarket,Big Box Store,Discount Store,Pet Store,Warehouse Store,Shopping Mall,Liquor Store,Shipping Store
Kemah,Pharmacy,Supermarket,Discount Store,Grocery Store,Pet Store,Big Box Store,Liquor Store,Furniture / Home Store,Convenience Store,Sporting Goods Shop
Kendleton,Construction & Landscaping,Discount Store,Home Service,Insurance Office,Pharmacy,Convenience Store,Shipping Store,Video Store,Mobile Phone Shop,Clothing Store
Kingwood,Discount Store,Pharmacy,Shipping Store,Grocery Store,Convenience Store,Pet Store,Supermarket,Sporting Goods Shop,Mobile Phone Shop,Big Box Store
Klein Area - Spring,Grocery Store,Pharmacy,Supermarket,Liquor Store,Sporting Goods Shop,Market,Big Box Store,Food Service,Convenience Store,Discount Store
La Marque,Pharmacy,Discount Store,Grocery Store,Business Service,Supermarket,Convenience Store,Big Box Store,Pet Store,Mobile Phone Shop,Clothing Store
La Porte,Pharmacy,Convenience Store,Discount Store,Grocery Store,Supermarket,Big Box Store,Pet Store,Sporting Goods Shop,Department Store,Cosmetics Shop
Lake Jackson,Pharmacy,Discount Store,Clothing Store,Home Service,Convenience Store,Business Service,Shoe Store,Optical Shop,Mobile Phone Shop,Department Store
"Lakes on Eldridge, Jersey Acres",Supermarket,Grocery Store,Pharmacy,Big Box Store,Warehouse Store,Liquor Store,Convenience Store,Sporting Goods Shop,Discount Store,Wine Shop
League City,Pharmacy,Supermarket,Discount Store,Grocery Store,Pet Store,Liquor Store,Furniture / Home Store,Smoothie Shop,Electronics Store,Big Box Store
Liberty,Construction & Landscaping,Discount Store,Business Service,Video Store,Furniture / Home Store,Insurance Office,Mobile Phone Shop,Electronics Store,Shoe Store,Cosmetics Shop
Liverpool,Home Service,Construction & Landscaping,Mobile Phone Shop,Grocery Store,Discount Store,Convenience Store,Other Repair Shop,Furniture / Home Store,Insurance Office,Department Store
Manvel,Pharmacy,Grocery Store,Supermarket,Big Box Store,Discount Store,Department Store,Convenience Store,Shoe Store,Sporting Goods Shop,Cosmetics Shop
"Meadowbrook, Allendale",Pharmacy,Grocery Store,Supermarket,Discount Store,Big Box Store,Sporting Goods Shop,Pet Store,Liquor Store,Convenience Store,Shipping Store
"Memorial Villages, Briargrove Park",Grocery Store,Supermarket,Big Box Store,Pharmacy,Shopping Mall,Liquor Store,Warehouse Store,Wine Shop,Sporting Goods Shop,Smoothie Shop
"Meyer Park, Collins Park",Grocery Store,Pharmacy,Supermarket,Food Service,Liquor Store,Big Box Store,Market,Convenience Store,Warehouse Store,Electronics Store
Meyerland,Grocery Store,Supermarket,Shopping Mall,Liquor Store,Pharmacy,Big Box Store,Warehouse Store,Wine Shop,Pet Store,Department Store
Mid-west,Grocery Store,Supermarket,Shopping Mall,Big Box Store,Liquor Store,Pharmacy,Warehouse Store,Wine Shop,Department Store,Gourmet Shop
"Minnetex, South Acres, Crestmont Park",Grocery Store,Pharmacy,Supermarket,Pet Store,Big Box Store,Liquor Store,Shipping Store,Sporting Goods Shop,Discount Store,Shopping Mall
Mission Bend,Grocery Store,Supermarket,Big Box Store,Pharmacy,Shopping Mall,Warehouse Store,Liquor Store,Sporting Goods Shop,Pet Store,Arts & Crafts Store
Missouri City,Grocery Store,Supermarket,Big Box Store,Shopping Mall,Warehouse Store,Pharmacy,Liquor Store,Pet Store,Discount Store,Wine Shop
Mont Belvieu,Home Service,Pharmacy,Discount Store,Grocery Store,Convenience Store,Mobile Phone Shop,Health & Beauty Service,Business Service,Construction & Landscaping,Furniture / Home Store
"Montrose, Hyde Park",Grocery Store,Pharmacy,Supermarket,Shopping Mall,Liquor Store,Big Box Store,Pet Store,Warehouse Store,Sporting Goods Shop,Wine Shop
Needville,Construction & Landscaping,Home Service,Business Service,Insurance Office,Discount Store,Grocery Store,Video Store,Other Repair Shop,Furniture / Home Store,Pharmacy
New Caney,Home Service,Construction & Landscaping,Discount Store,Business Service,Grocery Store,Convenience Store,Pharmacy,Mobile Phone Shop,Video Store,Pet Store
Noorthwest Katy,Grocery Store,Pharmacy,Supermarket,Liquor Store,Clothing Store,Convenience Store,Discount Store,Pet Store,Department Store,Shipping Store
North Baytown,Discount Store,Pharmacy,Grocery Store,Home Service,Convenience Store,Business Service,Big Box Store,Shoe Store,Department Store,Mobile Phone Shop
North Humble,Pharmacy,Discount Store,Grocery Store,Pet Store,Supermarket,Electronics Store,Department Store,Big Box Store,Smoothie Shop,Warehouse Store
North Montgomery,Business Service,Home Service,Construction & Landscaping,Convenience Store,Video Store,Furniture / Home Store,Insurance Office,Grocery Store,Pharmacy,Discount Store
North Pasadena,Pharmacy,Discount Store,Grocery Store,Convenience Store,Supermarket,Big Box Store,Food Service,Liquor Store,Electronics Store,Mobile Phone Shop
North Shore,Pharmacy,Grocery Store,Discount Store,Supermarket,Convenience Store,Flower Shop,Smoothie Shop,Big Box Store,Liquor Store,Food Service
North Woodlands,Grocery Store,Pharmacy,Supermarket,Department Store,Liquor Store,Smoothie Shop,Sporting Goods Shop,Big Box Store,Pet Store,Arts & Crafts Store
Northeast Conroe,Construction & Landscaping,Pharmacy,Convenience Store,Discount Store,Grocery Store,Department Store,Video Store,Home Service,Cosmetics Shop,Insurance Office
Northeast Katy,Grocery Store,Pharmacy,Supermarket,Liquor Store,Big Box Store,Discount Store,Convenience Store,Sporting Goods Shop,Arts & Crafts Store,Pet Store
Northeast Richmond,Grocery Store,Supermarket,Pharmacy,Liquor Store,Sporting Goods Shop,Big Box Store,Warehouse Store,Shopping Mall,Pet Store,Furniture / Home Store
Northeast Spring,Grocery Store,Pharmacy,Department Store,Pet Store,Sporting Goods Shop,Big Box Store,Supermarket,Warehouse Store,Electronics Store,Liquor Store
Northeast Sugar Land,Grocery Store,Supermarket,Pharmacy,Big Box Store,Discount Store,Liquor Store,Sporting Goods Shop,Warehouse Store,Convenience Store,Shopping Mall
"Northridge Park, Remington Ranch",Grocery Store,Pharmacy,Supermarket,Food Service,Warehouse Store,Electronics Store,Convenience Store,Liquor Store,Big Box Store,Smoothie Shop
"Northside Village, Woodland Heights",Grocery Store,Supermarket,Pharmacy,Liquor Store,Shopping Mall,Pet Store,Big Box Store,Warehouse Store,Sporting Goods Shop,Department Store
"Northside, Northline",Pharmacy,Grocery Store,Supermarket,Pet Store,Liquor Store,Shipping Store,Shopping Mall,Big Box Store,Beer Store,Smoothie Shop
Northwest Park,Supermarket,Grocery Store,Pharmacy,Big Box Store,Discount Store,Warehouse Store,Convenience Store,Liquor Store,Sporting Goods Shop,Food Service
Northwest Pasadena,Pharmacy,Discount Store,Convenience Store,Grocery Store,Supermarket,Big Box Store,Pet Store,Mobile Phone Shop,Department Store,Electronics Store
Northwest Spring,Grocery Store,Pharmacy,Supermarket,Department Store,Market,Convenience Store,Big Box Store,Liquor Store,Smoothie Shop,Sporting Goods Shop
Northwest Sugarland,Grocery Store,Supermarket,Pharmacy,Big Box Store,Liquor Store,Pet Store,Sporting Goods Shop,Warehouse Store,Wine Shop,Smoothie Shop
Orchard,Construction & Landscaping,Home Service,Discount Store,Business Service,Video Store,Garden Center,Gift Shop,Flower Shop,Market,Mobile Phone Shop
Pattison,Home Service,Construction & Landscaping,Convenience Store,Grocery Store,Clothing Store,Business Service,Pharmacy,Furniture / Home Store,Insurance Office,Health & Beauty Service
Pinehurst,Pharmacy,Grocery Store,Convenience Store,Department Store,Home Service,Supermarket,Discount Store,Big Box Store,Mobile Phone Shop,Pet Store
Porter,Pharmacy,Grocery Store,Discount Store,Convenience Store,Supermarket,Pet Store,Big Box Store,Shipping Store,Department Store,Smoothie Shop
Prairie View,Construction & Landscaping,Home Service,Business Service,Convenience Store,Video Store,Discount Store,Grocery Store,Pharmacy,Mobile Phone Shop,Other Repair Shop
"Rice Military, Memorial Park",Grocery Store,Pharmacy,Supermarket,Shopping Mall,Liquor Store,Pet Store,Big Box Store,Warehouse Store,Department Store,Wine Shop
"River Oaks, Bellaire Junction",Grocery Store,Supermarket,Shopping Mall,Pharmacy,Liquor Store,Big Box Store,Pet Store,Wine Shop,Warehouse Store,Gourmet Shop
"River Oaks, Fourth Ward",Grocery Store,Supermarket,Pharmacy,Shopping Mall,Liquor Store,Big Box Store,Pet Store,Wine Shop,Department Store,Warehouse Store
Rosenberg,Discount Store,Home Service,Pharmacy,Construction & Landscaping,Mobile Phone Shop,Other Repair Shop,Video Store,Insurance Office,Business Service,Furniture / Home Store
Rosharon,Home Service,Business Service,Construction & Landscaping,Convenience Store,Pharmacy,Discount Store,Locksmith,Video Store,Insurance Office,Other Repair Shop
"Royal Oaks, Westchase",Grocery Store,Supermarket,Big Box Store,Pharmacy,Warehouse Store,Liquor Store,Shopping Mall,Sporting Goods Shop,Discount Store,Wine Shop
San Felipe,Home Service,Construction & Landscaping,Mobile Phone Shop,Convenience Store,Auto Garage,Business Service,Video Store,Discount Store,Pharmacy,Insurance Office
Sea Wall - Galveston,Discount Store,Pharmacy,Convenience Store,Business Service,Construction & Landscaping,Home Service,Sporting Goods Shop,Clothing Store,Mobile Phone Shop,Locksmith
Seabrook,Pharmacy,Supermarket,Grocery Store,Discount Store,Big Box Store,Pet Store,Sporting Goods Shop,Convenience Store,Furniture / Home Store,Liquor Store
Sealy,Home Service,Construction & Landscaping,Mobile Phone Shop,Convenience Store,Auto Garage,Business Service,Video Store,Discount Store,Pharmacy,Insurance Office
"Shadowlake Estates, Forest Acres",Pharmacy,Discount Store,Grocery Store,Convenience Store,Electronics Store,Supermarket,Supplement Shop,Smoothie Shop,Shipping Store,Department Store
"Shady Acres, Greater Heights, Lazybrook",Grocery Store,Supermarket,Pharmacy,Shopping Mall,Liquor Store,Big Box Store,Pet Store,Wine Shop,Warehouse Store,Department Store
Sienna Plantation - Missouri City,Pharmacy,Grocery Store,Discount Store,Supermarket,Warehouse Store,Big Box Store,Sporting Goods Shop,Liquor Store,Furniture / Home Store,Pet Store
"Silverglen, Sablechase",Grocery Store,Pharmacy,Supermarket,Food Service,Convenience Store,Electronics Store,Liquor Store,Big Box Store,Market,Warehouse Store
Simonton,Home Service,Construction & Landscaping,Grocery Store,Convenience Store,Pharmacy,Furniture / Home Store,Business Service,Discount Store,Gift Shop,Photography Studio
"South Central, Greater Third Ward",Grocery Store,Pharmacy,Supermarket,Big Box Store,Liquor Store,Pet Store,Shopping Mall,Department Store,Smoothie Shop,Discount Store
South Houston,Pharmacy,Grocery Store,Discount Store,Supermarket,Big Box Store,Convenience Store,Sporting Goods Shop,Food Service,Pet Store,Shipping Store
South Humble,Discount Store,Pharmacy,Grocery Store,Supermarket,Convenience Store,Pet Store,Electronics Store,Shipping Store,Department Store,Big Box Store
South Montgomery,Construction & Landscaping,Business Service,Pharmacy,Home Service,Convenience Store,Grocery Store,Discount Store,Pet Store,Shipping Store,Furniture / Home Store
South Pasadena,Pharmacy,Grocery Store,Discount Store,Supermarket,Sporting Goods Shop,Big Box Store,Convenience Store,Pet Store,Furniture / Home Store,Food Service
South Richmond,Pharmacy,Discount Store,Grocery Store,Supermarket,Big Box Store,Pet Store,Shipping Store,Department Store,Video Game Store,Smoothie Shop
South Woodlands,Grocery Store,Pharmacy,Supermarket,Department Store,Big Box Store,Convenience Store,Liquor Store,Smoothie Shop,Food Service,Sporting Goods Shop
"Southbelt, Ellington",Pharmacy,Grocery Store,Supermarket,Discount Store,Sporting Goods Shop,Big Box Store,Convenience Store,Pet Store,Food Service,Liquor Store
Southeast Conroe,Pharmacy,Grocery Store,Pet Store,Furniture / Home Store,Supermarket,Department Store,Convenience Store,Big Box Store,Smoothie Shop,Cosmetics Shop
"Southeast Houston, Southpark",Grocery Store,Pharmacy,Supermarket,Pet Store,Shopping Mall,Liquor Store,Big Box Store,Warehouse Store,Department Store,Wine Shop
Southeast Katy,Grocery Store,Pharmacy,Supermarket,Liquor Store,Big Box Store,Sporting Goods Shop,Arts & Crafts Store,Pet Store,Discount Store,Shipping Store
Southeast Pasadena,Pharmacy,Discount Store,Grocery Store,Supermarket,Big Box Store,Sporting Goods Shop,Convenience Store,Pet Store,Food Service,Liquor Store
Southwest Conroe,Pharmacy,Grocery Store,Supermarket,Department Store,Pet Store,Liquor Store,Sporting Goods Shop,Big Box Store,Warehouse Store,Furniture / Home Store
Southwest Katy,Grocery Store,Pharmacy,Supermarket,Clothing Store,Big Box Store,Liquor Store,Pet Store,Sporting Goods Shop,Department Store,Discount Store
Southwest Spring,Grocery Store,Pharmacy,Supermarket,Liquor Store,Food Service,Big Box Store,Sporting Goods Shop,Market,Electronics Store,Convenience Store
Southwest Sugar Land,Pharmacy,Grocery Store,Supermarket,Discount Store,Big Box Store,Pet Store,Liquor Store,Sporting Goods Shop,Smoothie Shop,Convenience Store
Splendora,Construction & Landscaping,Home Service,Discount Store,Mobile Phone Shop,Business Service,Convenience Store,Grocery Store,Pharmacy,Video Store,Flea Market
Spring Area - The Woodlands,Grocery Store,Pharmacy,Supermarket,Department Store,Sporting Goods Shop,Pet Store,Fabric Shop,Market,Liquor Store,Warehouse Store
Spring Branch Central,Grocery Store,Supermarket,Pharmacy,Liquor Store,Shopping Mall,Big Box Store,Warehouse Store,Wine Shop,Gourmet Shop,Convenience Store
Spring Branch East,Grocery Store,Supermarket,Liquor Store,Shopping Mall,Big Box Store,Pharmacy,Warehouse Store,Wine Shop,Smoothie Shop,Gourmet Shop
"Spring Branch North, Spring Branch West",Supermarket,Grocery Store,Pharmacy,Big Box Store,Shopping Mall,Warehouse Store,Liquor Store,Convenience Store,Wine Shop,Gourmet Shop
Stafford,Grocery Store,Supermarket,Big Box Store,Liquor Store,Pharmacy,Discount Store,Shopping Mall,Warehouse Store,Wine Shop,Convenience Store
Stowell,Construction & Landscaping,Home Service,Insurance Office,Discount Store,Liquor Store,Convenience Store,Cosmetics Shop,Pharmacy,Electronics Store,Furniture / Home Store
Summerwood,Discount Store,Pharmacy,Grocery Store,Supermarket,Convenience Store,Sporting Goods Shop,Shipping Store,Smoothie Shop,Cosmetics Shop,Pet Store
"Sunnyside, Brookhaven",Grocery Store,Supermarket,Pharmacy,Liquor Store,Shopping Mall,Pet Store,Big Box Store,Warehouse Store,Department Store,Wine Shop
Sweeny,Construction & Landscaping,Video Store,Discount Store,Convenience Store,Insurance Office,Pharmacy,Furniture / Home Store,Home Service,Flower Shop,Mobile Phone Shop
"Tanglewood, San Felipe",Grocery Store,Supermarket,Shopping Mall,Pharmacy,Liquor Store,Big Box Store,Warehouse Store,Wine Shop,Department Store,Beer Store
Texas Medical Center,Grocery Store,Supermarket,Pharmacy,Big Box Store,Liquor Store,Shopping Mall,Department Store,Pet Store,Wine Shop,Warehouse Store
Thompsons,Pharmacy,Discount Store,Grocery Store,Supermarket,Big Box Store,Pet Store,Shipping Store,Department Store,Video Game Store,Smoothie Shop
"Trinity, Houston Gardens, Settegast",Pharmacy,Grocery Store,Supermarket,Discount Store,Pet Store,Electronics Store,Smoothie Shop,Beer Store,Clothing Store,Food Service
Waller,Construction & Landscaping,Home Service,Business Service,Convenience Store,Video Store,Discount Store,Grocery Store,Pharmacy,Mobile Phone Shop,Other Repair Shop
Wallis,Construction & Landscaping,Business Service,Home Service,Insurance Office,Discount Store,Furniture / Home Store,Gift Shop,Flower Shop,Garden Center,Convenience Store
Wallisville,Discount Store,Home Service,Grocery Store,Insurance Office,Construction & Landscaping,Health & Beauty Service,Business Service,Motorsports Shop,Convenience Store,Farmers Market
Webster,Pharmacy,Grocery Store,Supermarket,Pet Store,Big Box Store,Sporting Goods Shop,Discount Store,Food Service,Furniture / Home Store,Liquor Store
West Bolivar Peninsula,Convenience Store,Construction & Landscaping,Business Service,Fireworks Store,Gift Shop,Fishing Store,Liquor Store,Discount Store,Event Service,Clothing Store
West Cleveland,Construction & Landscaping,Discount Store,Home Service,Furniture / Home Store,Convenience Store,Video Store,Mobile Phone Shop,Cosmetics Shop,Grocery Store,Pharmacy
West Columbia,Construction & Landscaping,Video Store,Discount Store,Convenience Store,Insurance Office,Pharmacy,Furniture / Home Store,Home Service,Flower Shop,Mobile Phone Shop
West Conroe,Pharmacy,Convenience Store,Shipping Store,Furniture / Home Store,Grocery Store,Discount Store,Supermarket,Big Box Store,Mobile Phone Shop,Liquor Store
West Cypress,Pharmacy,Grocery Store,Supermarket,Big Box Store,Liquor Store,Department Store,Pet Store,Mobile Phone Shop,Convenience Store,Discount Store
West End - Galveston,Convenience Store,Home Service,Business Service,Construction & Landscaping,Mobile Phone Shop,Fishing Store,Liquor Store,Grocery Store,Furniture / Home Store,Floating Market
West Magnolia,Construction & Landscaping,Home Service,Business Service,Discount Store,Convenience Store,Pharmacy,Mobile Phone Shop,Clothing Store,Big Box Store,Jewelry Store
"West Oaks, Uptown",Grocery Store,Supermarket,Shopping Mall,Liquor Store,Pharmacy,Big Box Store,Wine Shop,Pet Store,Warehouse Store,Gourmet Shop
West Pearland,Pharmacy,Discount Store,Grocery Store,Supermarket,Sporting Goods Shop,Convenience Store,Pet Store,Big Box Store,Shoe Store,Department Store
West Santa Fe,Discount Store,Pharmacy,Clothing Store,Grocery Store,Convenience Store,Furniture / Home Store,Home Service,Big Box Store,Supermarket,Business Service
West Texas City,Discount Store,Business Service,Pharmacy,Convenience Store,Grocery Store,Clothing Store,Mobile Phone Shop,Home Service,Big Box Store,Supermarket
West Tomball,Pharmacy,Grocery Store,Supermarket,Discount Store,Big Box Store,Pet Store,Department Store,Sporting Goods Shop,Shipping Store,Smoothie Shop
West University Place,Grocery Store,Supermarket,Pharmacy,Shopping Mall,Big Box Store,Liquor Store,Department Store,Pet Store,Wine Shop,Warehouse Store
West Willis,Pharmacy,Convenience Store,Construction & Landscaping,Discount Store,Insurance Office,Grocery Store,Home Service,Shipping Store,Furniture / Home Store,Video Store
"Westbury, Southeast Houston",Grocery Store,Supermarket,Shopping Mall,Liquor Store,Pharmacy,Big Box Store,Warehouse Store,Wine Shop,Pet Store,Department Store
Weston Lakes,Grocery Store,Pharmacy,Clothing Store,Sporting Goods Shop,Department Store,Pet Store,Big Box Store,Shipping Store,Supermarket,Furniture / Home Store
Willowbrook,Grocery Store,Pharmacy,Supermarket,Discount Store,Sporting Goods Shop,Liquor Store,Convenience Store,Warehouse Store,Market,Food Service
"Windsor Park, Green Trails",Grocery Store,Supermarket,Pharmacy,Big Box Store,Shopping Mall,Warehouse Store,Liquor Store,Sporting Goods Shop,Discount Store,Convenience Store
Winnie,Construction & Landscaping,Home Service,Insurance Office,Discount Store,Convenience Store,Video Store,Liquor Store,Furniture / Home Store,Cosmetics Shop,Pharmacy
"Wortham Park, Tower Oaks",Grocery Store,Pharmacy,Supermarket,Big Box Store,Warehouse Store,Convenience Store,Liquor Store,Pet Store,Discount Store,Food Service
